DIRECTORIO;SECUENCIA_ENCUESTA;SECUENCIA_P;ORDEN;NC2_CC_P4;NC2_CC_P4S1;FEX_C
119678;1;1;1;98;43500;398,219809177638
119719;1;1;1;98;365000;660,786725054838
119884;1;1;1;95;30000;1767,04520430255
120570;1;1;1;95;73000;2366,58808363962
120570;2;1;2;97;32000;2366,58808363962
121048;1;1;1;97;250000;1233,76201047611
121049;1;1;1;98;160000;1126,56804622397
121837;1;1;1;98;400000;613,099840273788
121898;1;1;1;98;99;553,71729012406
121903;1;1;1;98;65000;643,314385400729
129000;1;1;1;98;99;552,29651277154
129021;1;1;1;97;120000;1542,89206565332
129030;1;1;1;98;99;553,71729012406
129032;1;1;1;97;80000;1180,47977723551
129046;1;1;1;98;300000;1224,32363100338
133520;1;1;1;95;15000;898,346435158073
133520;2;1;2;96;10000;898,346435158073
133520;3;1;3;97;30000;898,346435158073
134817;1;1;1;95;26600;458,170862982866
134817;2;1;2;96;10000;458,170862982866
134817;3;1;3;97;18000;458,170862982866
135042;1;1;1;95;50000;615,612027875211
135042;2;1;2;96;70000;615,612027875211
135042;3;1;3;97;50000;615,612027875211
135044;1;1;1;98;200000;302,685750558182
135046;1;1;1;95;18000;248,434380164298
135075;1;1;1;95;31500;613,327465015036
135075;2;1;2;96;13500;613,327465015036
135075;3;1;3;97;30000;613,327465015036
135177;1;1;1;95;32100;399,13689694191
135177;2;1;2;96;22700;399,13689694191
135177;3;1;3;97;10100;399,13689694191
135228;1;1;1;95;266000;265,667441587795
135228;2;1;2;96;18000;265,667441587795
135228;3;1;3;97;111500;265,667441587795
135229;1;1;1;95;24000;351,098397447205
135229;2;1;2;97;20000;351,098397447205
135230;1;1;1;98;150000;403,065204980915
135238;1;1;1;97;30000;453,517820800058
135239;1;1;1;95;18000;606,504900437846
135239;2;1;2;97;30000;606,504900437846
135240;1;1;1;95;15000;505,484628333768
135241;1;1;1;95;11600;591,884912267036
135255;1;1;1;95;115000;407,38973677121
135255;2;1;2;96;35000;407,38973677121
135255;3;1;3;97;26000;407,38973677121
135256;1;1;1;95;60400;453,273226870003
135256;2;1;2;96;18000;453,273226870003
135256;3;1;3;97;51000;453,273226870003
143826;1;1;1;98;70000;1130,83511470498
148309;1;1;1;98;150000;1499,48331242122
148310;1;1;1;98;250000;1571,90953638208
148587;1;1;1;98;150000;373,501048420271
148752;1;1;1;98;98;670,482158873047
148757;1;1;1;95;10000;270,412697148375
148757;2;1;2;96;10000;270,412697148375
148759;1;1;1;95;18000;418,90552358064
148759;2;1;2;96;15000;418,90552358064
148837;1;1;1;98;100000;373,641968716526
148838;1;1;1;97;30000;548,559072298295
148840;1;1;1;98;60000;546,081281301052
148867;1;1;1;95;45000;795,180125596217
148867;2;1;2;97;155000;795,180125596217
148885;1;1;1;95;100000;1016,63686209399
148885;2;1;2;96;80000;1016,63686209399
148885;3;1;3;97;170000;1016,63686209399
148888;1;1;1;95;80000;428,632514663632
148888;2;1;2;96;35000;428,632514663632
148888;3;1;3;97;140000;428,632514663632
156233;1;1;1;95;20000;500,080394984224
156233;2;1;2;96;14000;500,080394984224
156233;3;1;3;97;15000;500,080394984224
156234;1;1;1;95;20000;373,641968716526
156234;2;1;2;96;10000;373,641968716526
156235;1;1;1;95;18000;784,968656597428
156235;2;1;2;96;10000;784,968656597428
156261;1;1;1;96;10000;373,641968716526
162391;1;1;1;98;98;795,180125596217
162429;1;1;1;98;150000;678,215836874593
162471;1;1;1;98;150000;470,926926249849
162502;1;1;1;98;240000;700,534368201935
164120;1;1;1;98;99;365,759127438217
166608;1;1;1;98;240000;444,340132788019
173679;1;1;1;95;15000;681,578115060209
173680;1;1;1;97;40000;570,956046543858
173682;1;1;1;95;20000;726,893531859076
173682;2;1;2;96;19000;726,893531859076
173682;3;1;3;97;90000;726,893531859076
173683;1;1;1;95;20000;453,656113320896
173683;2;1;2;97;90000;453,656113320896
173684;1;1;1;95;20000;550,272509864305
173684;2;1;2;97;90000;550,272509864305
173701;1;1;1;97;30000;478,068104442137
173703;1;1;1;95;20000;565,37764879726
173703;2;1;2;96;19000;565,37764879726
173703;3;1;3;97;90000;565,37764879726
173704;1;1;1;95;20000;583,340205144702
173704;2;1;2;97;90000;583,340205144702
174654;1;1;1;96;19000;354,967135897957
174668;1;1;1;98;30000;765,778196739051
175261;1;1;1;97;30000;556,575400615329
175262;1;1;1;95;12000;468,379611921057
175265;1;1;1;98;99;508,58131166671
175295;1;1;1;98;300000;225,164476459956
175300;1;1;1;98;12000;471,656371710264
175315;1;1;1;98;100000;456,030306964228
175345;1;1;1;98;200000;496,622826362945
175346;1;1;1;96;19000;339,728257262919
175348;1;1;1;98;80000;636,23054199762
175349;1;1;1;95;20000;888,441571184614
175349;2;1;2;96;19000;888,441571184614
175349;3;1;3;97;90000;888,441571184614
175350;1;1;1;98;80000;493,91708832255
175404;1;1;1;98;99;876,287935736026
178995;1;1;1;98;50000;225,164476459956
178996;1;1;1;98;230000;436,958640414881
178998;1;1;1;97;70000;292,150892138546
179004;1;1;1;98;100000;436,304751883145
179006;1;1;1;98;110000;444,340132788019
179023;1;1;1;98;50000;162,956355226071
179024;1;1;1;98;300000;162,956355226071
179033;1;1;1;98;417850;515,421192097651
179048;1;1;1;98;300000;296,519411948213
179049;1;1;1;98;200000;219,932609596927
182145;1;1;1;98;146000;495,355439878865
183030;1;1;1;98;30000;545,61521010087
183040;1;1;1;97;99;449,857046263971
183041;1;1;1;95;99;505,058676503798
183041;2;1;2;97;99;505,058676503798
183168;1;1;1;97;888888;776,463836241869
185239;1;1;1;98;130000;259,975132149849
185240;1;1;1;98;200000;225,164476459956
185244;1;1;1;95;250000;335,120738756331
185247;1;1;1;98;150000;405,512979442033
185248;1;1;1;98;300000;223,671307706489
216048;1;1;1;98;84000;800,214357449208
219697;1;1;1;98;245000;746,276023583878
219699;1;1;1;97;220000;1298,61513004749
219700;1;1;1;98;280000;937,772125756173
221309;1;1;1;95;15000;1118,58343105489
221309;2;1;2;97;10700;1118,58343105489
222016;1;1;1;95;17000;1033,97065635407
222016;2;1;2;97;13900;1033,97065635407
224697;1;1;1;95;40000;607,444742351427
224697;2;1;2;97;50000;607,444742351427
237528;1;1;1;97;121000;631,815540853715
237536;1;1;1;96;13000;879,831121658436
261256;1;1;1;98;220000;484,582374904337
261259;1;1;1;98;30000;373,636410512756
261261;1;1;1;97;80000;373,636410512756
261263;1;1;1;96;20000;301,749357280221
261263;2;1;2;97;200000;301,749357280221
261264;1;1;1;98;30000;534,613378738639
261757;1;1;1;98;350000;769,418548798568
266082;1;1;1;95;12000;438,124330228756
266082;2;1;2;97;10000;438,124330228756
266450;1;1;1;98;400000;638,863309633705
266892;1;1;1;96;20000;270,408674557236
266893;1;1;1;98;300000;270,408674557236
266894;1;1;1;98;60000;306,704865556718
266896;1;1;1;97;500000;484,582374904337
266897;1;1;1;97;250000;670,472184949413
266898;1;1;1;95;36000;377,30223092834
266898;2;1;2;97;150000;377,30223092834
266900;1;1;1;98;180000;270,408674557236
266901;1;1;1;98;150000;367,643281209348
266933;1;1;1;98;20000;300,500895180885
266936;1;1;1;95;16000;421,377046185883
266936;2;1;2;97;370000;421,377046185883
266937;1;1;1;97;200000;362,687772932851
274711;1;1;1;98;500000;633,165881636822
277884;1;1;1;98;1400000;731,113515870292
277975;1;1;1;98;350000;488,97904416111
279128;1;1;1;98;50000;487,27097011501
279129;1;1;1;98;240000;484,793215976762
279130;1;1;1;97;200000;550,687139905888
279131;1;1;1;97;50000;270,408674557236
279132;1;1;1;98;150000;421,377046185883
279150;1;1;1;98;400000;500,072955914288
279154;1;1;1;98;300000;657,967283881886
281073;1;1;1;98;500000;350,06554375835
284066;1;1;1;98;320000;484,582374904337
284067;1;1;1;98;340000;1081,63469822894
284068;1;1;1;98;320000;378,892219331808
284069;1;1;1;97;100000;673,247023819412
284073;1;1;1;98;70000;593,261426230094
287627;1;1;1;98;280000;488,613176719403
287628;1;1;1;98;400000;423,854800324132
287629;1;1;1;98;200000;423,854800324132
287630;1;1;1;98;150000;545,776073201773
287631;1;1;1;98;120000;300,500895180885
288329;1;1;1;98;80000;1028,77025072658
288548;1;1;1;95;80000;455,60352049832
288548;2;1;2;96;20000;455,60352049832
288548;3;1;3;97;50000;455,60352049832
288552;1;1;1;98;150000;296,502932028195
288558;1;1;1;98;120000;885,871009901515
288559;1;1;1;98;30000;1147,46229331572
288770;1;1;1;96;30000;448,411024855505
300113;1;1;1;98;100000;1023,62206418141
308564;1;1;1;95;37500;225,747707219958
308565;1;1;1;97;99;225,747707219958
308623;1;1;1;96;30000;311,808751263393
315175;1;1;1;98;150000;768,502366113191
315222;1;1;1;98;180000;918,778651643384
316750;1;1;1;98;50000;18,9442489543858
316948;1;1;1;98;160000;1035,64721126799
317640;1;1;1;98;400000;655,406153917262
320341;1;1;1;95;20000;707,076197157302
320343;1;1;1;97;50000;691,114421665942
321505;1;1;1;98;300000;1012,76584052491
321541;1;1;1;98;350000;13,8405785162327
321943;1;1;1;95;20000;1070,51639895837
321945;1;1;1;98;60000;1000,01652024694
321960;1;1;1;97;150000;511,651003920426
321961;1;1;1;97;15000;378,766727226269
321981;1;1;1;95;20000;690,94704667457
325505;1;1;1;97;240000;717,582477204833
325512;1;1;1;98;53000;550,662714951705
325513;1;1;1;98;250000;659,930039985364
325543;1;1;1;97;90000;455,254168072643
325544;1;1;1;97;120000;550,662714951705
325548;1;1;1;98;240000;713,905123473681
329295;1;1;1;98;280000;932,651873187662
329320;1;1;1;98;300000;378,766727226269
333430;1;1;1;98;203000;556,526065574045
333431;1;1;1;98;360000;695,584015936321
336757;1;1;1;95;30000;445,795107181054
336758;1;1;1;95;10000;690,122705216126
339461;1;1;1;95;10000;1270,89939157746
339463;1;1;1;95;40000;937,673478821724
339465;1;1;1;98;30000;1216,30396383323
343665;1;1;1;98;150000;1467,18586398121
343667;1;1;1;98;200000;1192,317496635
343787;1;1;1;97;194000;589,293039213927
344342;1;1;1;98;100000;1461,13874573063
344343;1;1;1;98;200000;912,89392745817
345192;1;1;1;98;220000;925,3198755847
345196;1;1;1;97;50000;641,202339967906
345214;1;1;1;97;85000;814,253966787741
345216;1;1;1;97;360000;1173,59475181147
348047;1;1;1;97;150000;729,067359230719
363614;1;1;1;98;140000;854,092860832856
363621;1;1;1;98;20000;502,765969840959
363623;1;1;1;98;150000;543,560329046511
363624;1;1;1;98;90000;574,210191162467
364193;1;1;1;98;130000;414,064320896506
364199;1;1;1;97;50000;502,765969840959
364200;1;1;1;98;45000;457,064096433076
364544;1;1;1;98;160000;524,793354470078
364545;1;1;1;97;60000;490,910712034054
364547;1;1;1;96;60000;548,778216665127
364549;1;1;1;98;60000;489,557625324975
364550;1;1;1;98;90000;541,716662270568
369123;1;1;1;98;200000;457,064096433076
377232;1;1;1;96;10000;685,362250044972
377237;1;1;1;98;450000;1458,18956677262
379103;1;1;1;95;10000;509,643242038094
379108;1;1;1;98;99;725,294740359701
379142;1;1;1;98;99;414,064320896506
379143;1;1;1;98;200000;553,368688014332
379145;1;1;1;98;400000;517,944072351747
381965;1;1;1;98;170000;119,956132766436
381966;1;1;1;98;200000;159,280786546933
381967;1;1;1;98;500000;182,101657837822
382280;1;1;1;95;15000;1474,06298372085
382281;1;1;1;96;10000;742,812506107247
382666;1;1;1;98;300000;157,418551518766
386349;1;1;1;98;200000;183,112007513076
386460;1;1;1;98;200000;289,419779846072
386534;1;1;1;95;25000;1688,60007788838
387695;1;1;1;97;400000;819,380956715037
387699;1;1;1;98;618000;1598,34889488933
390655;1;1;1;97;12000;645,269555365969
390679;1;1;1;95;8000;1181,02280538943
393597;1;1;1;98;700000;226,987447967354
393598;1;1;1;98;200000;138,077775745639
393599;1;1;1;98;200000;247,258132782055
394241;1;1;1;97;30000;659,5070297738
394246;1;1;1;95;87000;742,875862223647
394246;2;1;2;96;45000;742,875862223647
394246;3;1;3;97;70000;742,875862223647
398484;1;1;1;95;20000;723,968584574424
398484;2;1;2;97;50000;723,968584574424
406981;1;1;1;98;190000;620,356493767129
409852;1;1;1;98;70000;293,220283691376
410054;1;1;1;98;10000;356,730189097076
412093;1;1;1;97;190000;236,599072762875
413262;1;1;1;97;50000;236,599072762875
414167;1;1;1;98;99;411,163202623128
414168;1;1;1;98;120000;347,817239604563
414226;1;1;1;98;300000;780,812086158278
414227;1;1;1;98;300000;1102,65955625111
414228;1;1;1;98;100000;899,548484353114
414229;1;1;1;97;350000;849,085960769546
414230;1;1;1;98;350000;849,085960769546
417525;1;1;1;98;50000;723,968584574424
417526;1;1;1;98;100000;723,968584574424
417530;1;1;1;98;100000;490,264407617732
417551;1;1;1;97;70000;844,878424555522
417552;1;1;1;97;50000;514,771787157832
417564;1;1;1;97;90000;358,129953201179
418160;1;1;1;98;300000;322,033524913765
418163;1;1;1;98;250000;345,313913179053
418166;1;1;1;98;300000;477,836192869421
420607;1;1;1;97;50000;515,271258528052
420608;1;1;1;97;150000;415,793044742564
420652;1;1;1;97;120000;949,916442666665
421813;1;1;1;98;250000;495,393349576347
421815;1;1;1;98;200000;330,113835366684
421816;1;1;1;98;70000;384,111158991974
421817;1;1;1;98;80000;695,407876721279
421818;1;1;1;98;100000;591,072994455872
421820;1;1;1;98;100000;355,081819021302
422929;1;1;1;96;15000;562,288894714106
422929;2;1;2;97;10000;562,288894714106
422949;1;1;1;98;99;1028,32221162888
422952;1;1;1;98;120000;481,1744582269
426950;1;1;1;98;120000;826,061145748648
426951;1;1;1;98;400000;485,002975251958
426952;1;1;1;98;200000;417,823624339799
426953;1;1;1;98;300000;1110,8215571482
426954;1;1;1;97;99;567,740491644362
426955;1;1;1;98;100000;577,326594575312
426959;1;1;1;98;350000;770,001557524592
426961;1;1;1;98;345000;567,740491644362
426965;1;1;1;95;50000;807,929900898619
426965;2;1;2;97;90000;807,929900898619
426996;1;1;1;95;14000;617,588091854868
431382;1;1;1;98;80000;749,081215262135
431383;1;1;1;98;150000;756,127895270628
431384;1;1;1;98;300000;1039,74406246534
431385;1;1;1;98;200000;843,30925165953
431386;1;1;1;98;99;577,326594575312
431387;1;1;1;98;250000;752,909732287193
431388;1;1;1;98;300000;1220,75900370508
431389;1;1;1;98;300000;1012,83367289427
431391;1;1;1;95;30000;1299,20896077447
431392;1;1;1;98;150000;470,078389768474
431479;1;1;1;98;12000;695,527335149801
431491;1;1;1;98;100000;390,879607377566
431492;1;1;1;98;320000;314,679068847839
435149;1;1;1;97;250000;1110,78531536356
435150;1;1;1;98;70000;651,093331008206
435151;1;1;1;97;50000;945,584695236474
435153;1;1;1;98;130000;850,897616541122
435154;1;1;1;97;30000;835,652217609413
435155;1;1;1;98;120000;941,297135913459
435157;1;1;1;98;250000;1496,17148304676
435172;1;1;1;98;35000;822,232628723589
435173;1;1;1;98;350000;464,320803862583
435174;1;1;1;98;300000;1020,4956758742
435187;1;1;1;98;300000;1014,91256060269
435192;1;1;1;98;200000;662,753352717754
435193;1;1;1;98;180000;1299,20896077447
442050;1;1;1;96;16000;1467,52450120939
442051;1;1;1;97;200000;1640,72358385218
442052;1;1;1;97;150000;1433,42544884582
443929;1;1;1;98;400000;162,697433379024
443930;1;1;1;98;350000;159,762758456382
443931;1;1;1;95;36000;160,851708192417
443931;2;1;2;96;35000;160,851708192417
443932;1;1;1;98;200000;156,873632483098
444852;1;1;1;98;230000;178,105342398088
444853;1;1;1;98;250000;178,105342398088
444854;1;1;1;98;255000;159,762758456382
444855;1;1;1;98;235000;178,105342398088
444857;1;1;1;98;350000;131,316395422258
446770;1;1;1;98;200000;252,620514194508
446819;1;1;1;98;60000;213,488015581493
446850;1;1;1;98;800000;516,820681681871
448529;1;1;1;95;250000;279,606457426204
448530;1;1;1;98;150000;222,218538801612
448540;1;1;1;95;260000;348,249430282807
448547;1;1;1;98;180000;516,820681681871
448552;1;1;1;98;1100000;424,798805765902
448554;1;1;1;98;1200000;516,820681681871
449221;1;1;1;97;30000;154,505850347995
449231;1;1;1;98;50000;487,745699305272
449443;1;1;1;96;20000;211,47940387525
449444;1;1;1;98;50000;385,899837637919
449583;1;1;1;98;400000;395,96555914557
449587;1;1;1;96;60000;516,820681681871
449588;1;1;1;95;7400;465,808054691544
450202;1;1;1;98;56000;426,587093790945
450203;1;1;1;97;764000;506,479875509411
460091;1;1;1;98;280000;163,368432606584
460092;1;1;1;98;290000;187,896242534537
460109;1;1;1;98;300000;182,07244163861
460111;1;1;1;98;500000;188,254670439864
460112;1;1;1;98;145000;160,851708192417
460113;1;1;1;98;160000;178,105342398088
460114;1;1;1;98;290000;173,418448987111
460115;1;1;1;98;140000;178,105342398088
460122;1;1;1;98;200000;163,368432606584
460123;1;1;1;98;170000;178,105342398088
466459;1;1;1;96;25000;241,363175159203
466676;1;1;1;98;20000;305,46688202469
466678;1;1;1;97;50000;313,430496516405
466743;1;1;1;96;30000;202,974029738296
466811;1;1;1;95;10000;1922,23230253873
468019;1;1;1;95;60000;585,698440509783
468019;2;1;2;96;50000;585,698440509783
468019;3;1;3;97;140000;585,698440509783
468020;1;1;1;98;350000;609,433294120454
468021;1;1;1;95;50000;319,873629986945
468021;2;1;2;96;25000;319,873629986945
468021;3;1;3;97;100000;319,873629986945
468022;1;1;1;95;14000;625,904141987717
468022;2;1;2;96;19000;625,904141987717
468022;3;1;3;97;20000;625,904141987717
468026;1;1;1;98;200000;627,174274921429
468182;1;1;1;98;200000;208,870084237819
468184;1;1;1;98;300000;183,269120301391
468186;1;1;1;98;560000;98,4252676562188
468361;1;1;1;98;150000;519,619140773005
469034;1;1;1;98;600000;119,641832961576
469094;1;1;1;97;90000;427,905503585959
469095;1;1;1;98;200000;460,654264114266
469096;1;1;1;98;200000;460,654264114266
469101;1;1;1;95;100000;457,304746555246
469243;1;1;1;97;90000;410,385439896247
473672;1;1;1;98;35000;404,322174615948
473953;1;1;1;98;200000;883,733404753253
473954;1;1;1;98;200000;654,776362576594
474927;1;1;1;98;450000;132,426217824757
474946;1;1;1;98;700000;221,126739544904
478039;1;1;1;98;200000;735,61834699235
478041;1;1;1;97;90000;506,715118658841
478042;1;1;1;95;23000;465,129778328517
478065;1;1;1;98;300000;519,619140773005
478066;1;1;1;98;320000;495,884287162333
478067;1;1;1;98;350000;609,433294120454
478068;1;1;1;98;250000;461,476756951959
478069;1;1;1;98;380000;609,433294120454
478070;1;1;1;98;420000;391,960484170261
478071;1;1;1;98;350000;551,290910299408
478072;1;1;1;98;50000;550,031310180018
478075;1;1;1;98;250000;435,250950911628
479596;1;1;1;98;500000;150,641551534033
482789;1;1;1;98;30000;718,261497791225
482810;1;1;1;95;52000;397,073345879978
482810;2;1;2;96;12000;397,073345879978
482810;3;1;3;97;105000;397,073345879978
482813;1;1;1;98;320000;553,088784554811
482814;1;1;1;97;200000;591,195444342306
482818;1;1;1;98;98;734,103617420388
482819;1;1;1;98;200000;517,903344849734
482828;1;1;1;97;150000;461,476756951959
485783;1;1;1;98;250000;144,345940216006
485858;1;1;1;98;130000;191,131275247724
485879;1;1;1;98;300000;435,250950911628
485880;1;1;1;98;250000;461,476756951959
485881;1;1;1;98;350000;629,899502791078
485882;1;1;1;98;150000;565,270805737012
485883;1;1;1;98;300000;575,374768489542
485886;1;1;1;98;300000;385,60392514426
485887;1;1;1;98;350000;461,476756951959
501987;1;1;1;98;250000;673,066409733315
516925;1;1;1;98;60000;310,484833456736
516944;1;1;1;95;24000;766,530474000364
516944;2;1;2;97;20000;766,530474000364
519962;1;1;1;98;150000;1859,49853317327
520473;1;1;1;98;480000;262,38680522396
525720;1;1;1;98;350000;136,963669383557
525721;1;1;1;98;180000;141,906923761299
525722;1;1;1;98;250000;316,586411210633
526548;1;1;1;98;230000;169,263107365032
526549;1;1;1;98;300000;136,988036100679
527247;1;1;1;98;200000;436,641249329334
527248;1;1;1;98;94000;534,678363942401
527251;1;1;1;98;693000;460,444996453152
527253;1;1;1;98;250000;616,576599208528
527255;1;1;1;97;250000;508,320780412101
527256;1;1;1;97;100000;436,641249329334
527258;1;1;1;97;200000;436,641249329334
531158;1;1;1;98;700000;79,1466028026583
531159;1;1;1;98;160000;126,155790337059
531287;1;1;1;98;150000;108,348274114351
531292;1;1;1;98;600000;113,764396996161
531304;1;1;1;98;150000;229,933479872088
531305;1;1;1;98;300000;130,854069566193
532093;1;1;1;97;130000;346,755017541967
534951;1;1;1;98;100000;500,296050940591
535181;1;1;1;98;180000;79,1466028026583
535182;1;1;1;98;100000;93,6656076310839
535183;1;1;1;98;100000;158,575329384883
535189;1;1;1;98;300000;133,275528579619
539797;1;1;1;98;140000;279,540320909744
539799;1;1;1;98;200000;381,134317337847
539804;1;1;1;98;99;281,00049209986
539851;1;1;1;98;99;185,365356999706
539852;1;1;1;98;400000;324,067522899466
539853;1;1;1;98;600000;266,366075496851
539856;1;1;1;98;180000;567,428865584695
539857;1;1;1;98;150000;445,924829809322
539858;1;1;1;98;140000;399,039659909796
539860;1;1;1;98;600000;799,300327194613
539865;1;1;1;96;40000;576,514872113768
539882;1;1;1;98;400000;399,213932068033
539883;1;1;1;98;350000;381,134317337847
539890;1;1;1;98;95000;436,650720981402
539891;1;1;1;98;200000;789,384134944375
539892;1;1;1;98;99;344,515024126134
539893;1;1;1;98;99;496,854770858014
539900;1;1;1;98;500000;222,571998891703
539901;1;1;1;98;260000;299,92607253925
539902;1;1;1;98;620000;399,213932068033
552243;1;1;1;97;60000;440,122802762171
552246;1;1;1;98;180000;503,847270559194
556231;1;1;1;98;300000;254,906648861076
556559;1;1;1;96;50000;419,387933450127
556559;2;1;2;97;300000;419,387933450127
556719;1;1;1;98;99;213,163800918716
556739;1;1;1;95;98;663,624274883252
557323;1;1;1;98;250000;768,502366113191
561358;1;1;1;97;250000;529,000748706648
561360;1;1;1;97;50000;204,182891493001
568985;1;1;1;95;35000;1003,75700246012
568985;2;1;2;97;200000;1003,75700246012
569000;1;1;1;95;99;343,524974527068
569000;2;1;2;97;99;343,524974527068
570839;1;1;1;97;100000;284,61286734463
570841;1;1;1;95;10000;204,686549878342
570921;1;1;1;97;99;413,778938266027
580132;1;1;1;95;50000;16,86277053413
580159;1;1;1;97;100000;11,6439727061416
583634;1;1;1;98;350000;281,812917912023
585834;1;1;1;95;30000;12,6098218502358
585839;1;1;1;95;30000;11,4637227271822
585839;2;1;2;97;40000;11,4637227271822
589261;1;1;1;98;380000;228,353105059356
589341;1;1;1;95;10000;128,287900439133
589341;2;1;2;96;10000;128,287900439133
591611;1;1;1;98;99;977,667423967488
593796;1;1;1;98;250000;189,864638838815
593797;1;1;1;98;50000;201,500433156853
595458;1;1;1;98;80000;294,891294952428
595459;1;1;1;98;150000;415,856744289251
595460;1;1;1;98;500000;288,326271446763
595461;1;1;1;98;150000;481,120532949507
595462;1;1;1;98;214000;413,041436344988
595463;1;1;1;98;210000;349,754157284031
597274;1;1;1;98;200000;523,722197806225
597275;1;1;1;98;41000;508,819564623465
597276;1;1;1;95;50000;461,397704292797
597276;2;1;2;96;15000;461,397704292797
597276;3;1;3;97;30000;461,397704292797
597277;1;1;1;95;35000;413,041436344988
597279;1;1;1;98;75000;545,189854494651
597280;1;1;1;95;20000;239,073395822794
597280;2;1;2;96;20000;239,073395822794
597280;3;1;3;97;20000;239,073395822794
598271;1;1;1;98;350000;799,575388558341
598398;1;1;1;98;100000;1607,75834511599
598399;1;1;1;98;100000;994,175002159144
598401;1;1;1;98;250000;977,667423967488
598414;1;1;1;98;480000;1620,94400452409
598419;1;1;1;97;100000;977,667423967488
598420;1;1;1;98;200000;1452,20570984812
598424;1;1;1;98;200000;408,224164119261
598474;1;1;1;98;300000;792,982558854291
598476;1;1;1;98;150000;1127,796529383
605052;1;1;1;98;600000;420,628575907208
605053;1;1;1;98;900000;453,403036527774
605054;1;1;1;98;185000;339,497847338834
605057;1;1;1;98;180000;460,463296675656
605058;1;1;1;98;190000;622,724753812405
605060;1;1;1;98;400000;409,291720783585
605091;1;1;1;98;270000;360,96550402726
605092;1;1;1;98;227000;445,941405345948
605093;1;1;1;98;300000;435,302189114584
605094;1;1;1;95;13000;413,041436344988
605094;2;1;2;96;10000;413,041436344988
605094;3;1;3;97;50000;413,041436344988
605095;1;1;1;98;134000;417,813267962946
605096;1;1;1;98;250000;382,27186325411
605117;1;1;1;96;30000;719,50574689137
605117;2;1;2;97;50000;719,50574689137
605125;1;1;1;98;380000;971,074594263438
605127;1;1;1;97;50000;719,50574689137
605145;1;1;1;98;60000;719,50574689137
609879;1;1;1;98;30000;1422,50391559108
610878;1;1;1;98;150000;443,494573480631
610881;1;1;1;97;80000;447,520751866737
610884;1;1;1;97;500000;514,440368728246
611355;1;1;1;98;200000;247,335406576115
611356;1;1;1;98;250000;210,41342580203
611357;1;1;1;98;300000;247,97167447934
611358;1;1;1;97;210000;247,335406576115
611360;1;1;1;97;250000;322,764845265185
611367;1;1;1;97;100000;650,713212469102
611368;1;1;1;97;150000;178,335108283322
612359;1;1;1;98;100000;247,97167447934
612360;1;1;1;98;50000;360,508845377915
612361;1;1;1;98;400000;247,97167447934
612362;1;1;1;97;120000;251,174035387385
612363;1;1;1;97;180000;247,97167447934
612364;1;1;1;97;70000;256,336789434705
612365;1;1;1;95;40000;296,461131116835
612365;2;1;2;97;260000;296,461131116835
612369;1;1;1;97;300000;190,965529472674
612371;1;1;1;97;600000;356,669637031545
612610;1;1;1;98;250000;331,951979559195
616860;1;1;1;98;200000;368,87396033328
616862;1;1;1;98;120000;178,335108283322
616863;1;1;1;98;200000;357,30590493477
616866;1;1;1;97;100000;244,13304566807
616867;1;1;1;97;450000;308,66487488347
616868;1;1;1;97;50000;247,97167447934
616869;1;1;1;98;300000;479,584419422961
616873;1;1;1;97;150000;520,864447454045
617029;1;1;1;98;100000;442,662438648876
617030;1;1;1;97;40000;368,87396033328
617031;1;1;1;98;600000;244,13304566807
617035;1;1;1;97;250000;178,335108283322
617036;1;1;1;98;300000;190,965529472674
617037;1;1;1;97;300000;244,13304566807
620492;1;1;1;97;150000;978,221694924
621143;1;1;1;96;10000;405,783771619353
626033;1;1;1;98;400000;244,13304566807
626035;1;1;1;98;400000;178,335108283322
626036;1;1;1;97;150000;244,13304566807
626037;1;1;1;97;100000;685,994812404812
626062;1;1;1;98;400000;356,669637031545
626064;1;1;1;97;250000;285,8428644911
626066;1;1;1;98;150000;360,508845377915
626071;1;1;1;97;100000;178,335108283322
626072;1;1;1;97;30000;368,87396033328
626075;1;1;1;97;170000;539,792925337671
626085;1;1;1;98;100000;244,13304566807
626086;1;1;1;97;100000;467,589924162976
626089;1;1;1;97;120000;284,257387350199
626092;1;1;1;98;300000;244,13304566807
626093;1;1;1;98;400000;296,461131116835
626094;1;1;1;98;200000;187,126900661404
626095;1;1;1;97;250000;368,87396033328
626096;1;1;1;98;240000;187,126900661404
626097;1;1;1;97;150000;470,6065336356
626098;1;1;1;97;280000;480,103837868691
626099;1;1;1;98;300000;284,257387350199
633131;1;1;1;97;100000;810,36962901025
633977;1;1;1;97;120000;199,330644428039
640889;1;1;1;96;90000;444,442448448905
647455;1;1;1;97;455000;304,855862314706
650659;1;1;1;96;25000;335,574571732149
650661;1;1;1;95;27500;501,669066910757
650835;1;1;1;97;60000;581,355415411183
665284;1;1;1;95;148000;325,091173005521
665284;2;1;2;96;12000;325,091173005521
665284;3;1;3;97;99;325,091173005521
665286;1;1;1;95;8800;315,706206942731
667511;1;1;1;98;200000;117,851700110779
667513;1;1;1;98;45000;117,851700110779
667946;1;1;1;98;100000;117,851700110779
673044;1;1;1;97;180000;1209,83107027761
673064;1;1;1;98;200000;161,333877340041
673090;1;1;1;97;60000;719,19137969729
673119;1;1;1;98;380000;117,851700110779
673120;1;1;1;98;350000;117,851700110779
673140;1;1;1;98;500000;163,870612455505
673141;1;1;1;98;120000;252,742416345566
673181;1;1;1;97;30000;189,74790956574
673190;1;1;1;98;200000;123,661704034021
673191;1;1;1;98;300000;117,851700110779
673192;1;1;1;98;600000;117,851700110779
673193;1;1;1;98;180000;117,851700110779
673194;1;1;1;98;80000;117,851700110779
678030;1;1;1;97;30000;626,67475440935
678050;1;1;1;98;600000;227,350613786737
681852;1;1;1;97;70000;494,574002755461
681853;1;1;1;97;170000;987,383079209937
681856;1;1;1;97;80000;363,768651274268
685829;1;1;1;97;30000;1246,25514638022
688855;1;1;1;98;90000;385,607577652759
688856;1;1;1;98;280000;398,676100848361
692868;1;1;1;98;280000;227,121165447361
693656;1;1;1;95;99;172,520313464044
693656;2;1;2;97;99;172,520313464044
697269;1;1;1;98;300000;356,881693271821
697273;1;1;1;98;360000;427,251401007073
698473;1;1;1;98;200000;131,255924293889
705917;1;1;1;95;10000;159,678026624897
705921;1;1;1;98;48000;194,98784547007
710119;1;1;1;97;300000;214,26608001449
710120;1;1;1;98;150000;165,559302814346
710121;1;1;1;98;200000;260,921174337036
710122;1;1;1;98;300000;145,943808075883
710123;1;1;1;98;240000;105,622660402599
710124;1;1;1;98;250000;105,622660402599
710128;1;1;1;98;200000;144,975987852164
710129;1;1;1;98;150000;141,09721905852
710130;1;1;1;98;500000;141,09721905852
711356;1;1;1;98;65000;462,343298367063
711500;1;1;1;98;400000;262,005036990916
711501;1;1;1;98;200000;175,108284215441
711505;1;1;1;98;250000;189,279725235931
712339;1;1;1;97;50000;96,9796516536806
712880;1;1;1;98;150000;215,979801336235
722456;1;1;1;98;100000;166,455185468162
722457;1;1;1;98;280000;163,623662366909
722459;1;1;1;98;180000;240,409796944757
723405;1;1;1;98;200000;257,528803496661
723406;1;1;1;98;230000;143,602868894848
723407;1;1;1;98;150000;192,19360366483
723409;1;1;1;98;120000;203,007617055436
723410;1;1;1;98;150000;145,943808075883
723820;1;1;1;97;260000;143,520513567201
723821;1;1;1;98;130000;164,591482590628
723822;1;1;1;98;300000;165,559302814346
723823;1;1;1;98;150000;211,246576913173
723824;1;1;1;98;150000;259,057471459502
723825;1;1;1;98;60000;145,049181530042
723828;1;1;1;98;200000;120,769167477309
723831;1;1;1;98;20000;143,520513567201
723955;1;1;1;98;50000;249,6585225904
724000;1;1;1;98;200000;190,329900787296
724007;1;1;1;98;270000;143,520513567201
724008;1;1;1;98;230000;215,505797493844
724010;1;1;1;98;250000;105,622660402599
724012;1;1;1;98;300000;214,078100014425
724013;1;1;1;98;330000;188,311905012213
724014;1;1;1;97;260000;214,26608001449
724016;1;1;1;98;300000;143,520513567201
734485;1;1;1;98;200000;165,559302814346
734532;1;1;1;98;250000;303,659626796474
734534;1;1;1;98;150000;213,18221736061
734535;1;1;1;98;120000;142,552693343483
734536;1;1;1;98;120000;190,329900787296
734537;1;1;1;98;200000;143,520513567201
734538;1;1;1;98;60000;168,50686834576
734572;1;1;1;98;200000;259,952098005343
734573;1;1;1;96;60000;258,907364528899
734573;2;1;2;97;150000;258,907364528899
734574;1;1;1;98;450000;212,214397136891
734575;1;1;1;98;150000;328,430224769424
734576;1;1;1;98;600000;143,520513567201
734577;1;1;1;98;150000;262,005036990916
734585;1;1;1;98;200000;192,227290767345
734586;1;1;1;96;25000;143,520513567201
734586;2;1;2;97;30000;143,520513567201
734587;1;1;1;98;200000;260,805131906874
734589;1;1;1;98;470000;122,605093549298
737915;1;1;1;97;150000;436,675426071952
737925;1;1;1;98;100000;351,470521342802
737947;1;1;1;98;200000;257,004532473928
737948;1;1;1;98;500000;143,520513567201
737950;1;1;1;98;200000;237,95281533356
737952;1;1;1;98;300000;165,559302814346
737956;1;1;1;98;450000;214,790351037223
737957;1;1;1;98;300000;105,622660402599
737960;1;1;1;98;300000;164,591482590628
743597;1;1;1;97;210000;270,408674557236
743598;1;1;1;97;140000;430,848609927801
