"DIRECTORIO";"Gto_mercados"
118311;82000
118362;50000
118364;35000
118380;200000
118405;249000
118406;190000
118410;33000
118419;2000
118472;120000
118498;46000
118499;20000
118526;200000
118527;140000
118528;500000
118540;15000
118542;2000
118545;200000
118556;100000
118566;50000
118571;50000
118582;26000
118582;22000
118582;24000
118613;150000
118615;150000
118617;150000
118624;110000
118624;80000
118624;120000
118632;120000
118633;250000
118634;60000
118638;500000
118639;100000
118640;400000
118649;75000
118662;300000
118776;50000
118782;90000
118846;90000
118851;330000
118853;100000
118857;75000
118857;60000
118857;60000
118860;50000
118861;300000
118904;20200
118958;25000
118966;350000
118968;200000
119152;8000
119307;350000
119316;500000
119318;250000
119370;78000
119504;500000
119519;89000
119523;350000
119530;26000
119530;15000
119570;300000
119573;300000
119575;60000
119575;10000
119575;15000
119576;50000
119576;12000
119576;8000
119577;40000
119579;14000
119579;3000
119579;10000
119581;1000000
119582;800000
119587;400000
119611;18000
119614;23000
119616;45000
119618;1300000
119621;200000
119622;100000
119624;80000
119624;20000
119624;15000
119626;50000
119626;10000
119626;20000
119637;20000
119654;300000
119673;120000
119674;300000
119675;200000
119687;50000
119703;140000
119761;600000
119766;800000
119782;70000
119940;1200000
119951;600000
119953;800000
119961;100000
119995;1500
119996;210000
120027;552000
120031;300000
120032;440000
120037;5000
120048;45000
120067;20000
120112;500000
120113;300000
120167;100000
120169;40000
120170;500000
120171;500000
120174;400000
120177;150000
120178;300000
120179;70000
120180;20000
120219;30000
120221;130000
120224;15000
120237;450000
120321;100000
120333;40000
120333;60000
120348;90000
120403;33000
120487;13500
120587;45000
120657;45000
120763;400000
120765;150000
120791;800000
120924;20000
120969;18000
121000;250000
121042;150000
121043;130000
121045;200000
121046;47000
121073;323000
121085;225334
121086;120000
121122;300000
121143;45800
121143;70000
121143;40000
121187;7000
121234;50000
121248;400000
121264;9500
121264;75000
121264;13000
121288;200000
121307;400000
121363;30000
121613;600000
121685;18000
121686;291000
121688;185000
121689;5000
121692;1750
121700;7500
121701;16200
121717;300000
121718;65000
121738;500000
121811;350000
121812;400000
121938;100000
121938;20000
121938;110000
126723;230000
126726;15000
126727;100000
133602;500000
133614;600000
133616;450000
133627;600000
133628;500000
133688;22000
133689;212000
133692;300000
133697;300000
133699;3000
133700;200000
133703;400000
133704;300000
133705;300000
133729;150000
133731;180000
133738;90000
133739;150000
133740;500000
133741;400000
133742;300000
133745;300000
133746;600000
133747;200000
133748;230000
133749;230000
133750;120000
133750;420000
133751;380000
133755;150000
133788;200000
133797;250000
133799;180000
133800;200000
133801;300000
133802;400000
133803;150000
133804;200000
133819;90000
133833;60000
133834;175000
133842;60000
133843;30000
133843;40000
133843;80000
133852;36000
133914;60000
133957;200000
133977;300000
134048;160000
134071;400000
134118;800000
134120;500000
134138;150000
134140;10000
134181;550000
134188;400000
134206;500000
134235;480000
134236;420000
134259;300000
134261;30000
134261;40000
134261;60000
134262;120000
134263;20000
134263;20000
134263;20000
134413;350000
134442;400000
134456;300000
134492;300000
134496;160000
134508;256800
135059;3000
135278;50000
135280;20000
135281;45000
135300;180000
135353;100000
135357;350000
135358;150000
135363;320000
135367;200000
135374;280000
135385;400000
135395;100000
135410;300000
135411;400000
135414;150000
135414;200000
135414;150000
135416;287053
135431;60000
135433;50000
135434;150000
135435;100000
135618;125000
135618;70000
135618;120000
135658;100000
135669;150000
135705;600000
135724;37000
135824;250000
135826;300000
135830;2500
135859;230000
135900;500000
135901;330000
136047;175000
136080;280000
136122;27200
136122;11000
136122;14000
136124;60000
136131;450000
136148;80000
136204;250000
136205;350000
136206;250000
136210;250000
136229;115700
136229;18000
136229;41000
136231;110000
136303;300000
136380;300000
136395;270000
136472;500000
136576;250000
136581;167000
136708;350000
137138;23200
137138;9000
137138;27000
137139;67800
137140;200000
137312;250000
137318;160000
137321;70000
137324;300000
137326;150000
137327;120000
137327;120000
137327;60000
137332;250000
137552;400000
137560;20000
137560;20000
137560;20000
137693;80000
137694;400000
138006;250000
138007;20000
138085;1400000
138242;15000
138267;24000
138267;4000
138267;12000
138272;50000
138273;130000
138274;150000
138275;50000
138276;100000
138297;20000
138298;30000
138298;20000
138298;20000
138300;100000
138301;100000
138302;150000
138534;40000
138764;50000
138764;20000
138764;40000
138769;300000
138770;13000
138771;250000
138772;350000
138784;192000
139200;200000
139374;80000
139374;30000
139374;70000
139542;200000
139550;200000
139551;200000
139561;25600
139573;150000
139576;250000
139603;80000
139606;10000
139606;20000
139625;600000
139662;150000
139767;150000
139769;120000
139867;800000
139868;750000
139896;600000
147465;55000
151626;48250
157486;50000
157536;260000
157571;20000
157582;350000
157585;15000
157585;30000
157585;30000
157588;200000
159371;10000
159375;180000
159426;90000
159426;20000
159426;60000
159428;500000
159429;250000
159477;500000
159478;400000
159567;150000
159574;1800000
159580;45000
159580;265000
159665;80000
159665;200000
159669;800000
159672;350000
159674;500000
159676;90000
159676;58000
159676;97600
159775;350000
159782;250000
159882;50000
159882;20000
159882;100000
159985;34000
160027;10000
162517;50000
162612;450000
162615;300000
162617;950000
162618;850000
162700;300000
162708;200000
162708;150000
162708;600000
162752;380000
162753;400000
162755;400000
162757;250000
162760;200000
162761;300000
162771;160000
162772;300000
162773;215000
162774;285000
162775;320000
162777;122000
162778;200000
162782;300000
162786;150000
162787;150000
162790;220000
162791;250000
162794;150000
162795;350000
162796;500000
162797;400000
162800;250000
162802;450000
162803;400000
162804;800000
162805;600000
162806;400000
162807;600000
162845;280000
162849;105000
162849;25000
162849;66000
162851;126000
162851;35000
162853;280000
162854;15000
162894;300000
162895;80000
162897;150000
162915;250000
162916;150000
162917;300000
162920;600000
162921;500000
162922;20000
162924;450000
162928;600000
162929;200000
162930;200000
162936;300000
162937;180000
162940;450000
163010;20000
163010;20000
163010;30000
163011;30000
163011;20000
163011;20000
163012;30000
163012;15000
163012;20000
163013;30000
163013;20000
163013;20000
163023;200000
163043;90000
163044;350000
163052;277500
163073;1400000
163078;250000
163080;250000
163085;8500
163090;50000
163091;50000
163092;100000
163093;50000
163101;300000
163103;50000
163104;200000
163241;280000
163242;100000
163243;550000
163244;300000
163245;1500000
163248;400000
163250;1069000
163486;250000
163490;420000
163545;400000
163602;250000
163656;30000
163656;12000
163661;120000
163663;7000
163663;12000
163754;1000000
163801;7500
163816;520000
163824;180000
163883;200000
163884;50000
163894;40000
164081;240000
164084;12500
164198;80000
164198;200000
164225;200000
164226;30000
164226;30000
164226;30000
164351;20000
164503;250000
164504;600000
164506;240000
164507;350000
164537;500000
164557;400000
164573;114000
164573;100000
164573;40000
164601;230000
164605;150000
164611;35000
164611;56000
164713;230000
164851;35000
164863;300000
165274;68000
165333;30000
165333;20000
165333;50000
165873;36000
165873;13000
165899;500000
166656;100000
166658;34500
166674;55100
166675;40850
166716;400000
166765;600000
166808;275000
166810;425000
167138;300000
167140;300000
167154;508190
167155;250000
167275;450000
167322;300000
167392;200000
171685;250000
172168;200000
172168;20000
172168;20000
172600;100000
173511;22500
173518;180000
173519;160000
173520;200000
173522;570517
174346;350000
174557;30000
174564;100000
174566;200000
174567;400000
174568;15000
174568;89000
174573;120000
174574;450000
174577;200000
174578;250000
174579;280000
174790;126250
174794;250000
174796;41700
174914;400000
174935;250000
174936;50000
174952;160000
174952;20000
174952;30000
175054;250000
175058;150000
175059;100000
175064;450000
175065;150700
175065;28600
175065;39200
175066;35000
175066;43000
175066;58000
175069;55000
175071;25000
175071;78000
175190;39100
175191;420000
175193;13200
175194;36000
175195;34200
175212;150000
175272;69200
175293;150000
175343;100000
175360;400000
175384;29700
175397;500000
175398;300000
175601;130000
175690;174132
179030;50000
179030;30000
179030;60000
183099;270000
183192;300000
183197;170000
185955;300000
186058;410000
186060;300000
186073;100000
186125;450000
186126;700000
186127;90000
186192;250000
186195;400000
186248;700000
186249;350000
186254;200000
186255;150000
186256;500000
186257;250000
186258;250000
186266;150000
186270;130000
186285;100000
186286;500000
186287;800000
186288;500000
186291;400000
186292;400000
186293;400000
186294;250000
186312;380000
186313;380000
186314;100000
186315;500000
186316;300000
186317;100000
186317;100000
186317;300000
186318;50000
186318;60000
186318;500000
186320;700000
186321;300000
186326;600000
186328;300000
186329;215000
186330;120000
186370;300000
186411;450000
186413;350000
186414;500000
186421;300000
186422;280000
186451;350000
186453;230000
186461;30000
186462;15000
186462;10000
186462;5000
186463;30000
186466;580000
186467;200000
186492;200000
186511;35000
186511;55000
186512;180000
186513;200000
186536;1000000
186538;350000
186543;200000
186544;350000
186560;250000
186578;600000
186603;150000
186603;70000
186603;100000
186696;600000
186697;250000
186817;40000
186817;25000
186817;60000
186818;70000
186818;30000
186818;200000
186831;40000
186831;20000
186831;60000
186865;300000
186876;300000
186880;400000
186917;600000
186975;120000
187006;250000
190407;300000
190445;140000
190456;250000
190458;40000
190463;170000
190470;100000
190472;300000
190477;150000
190586;65050
190608;600000
190649;450000
190663;175000
190721;350000
190735;60000
190737;95000
190738;86000
190740;80000
190761;500000
190763;300000
190764;600000
190765;600000
190797;8500
190799;180000
190817;80000
190824;80000
190825;350000
190828;50000
190850;77000
190850;38000
190852;155000
190853;100000
190854;144000
190870;30000
190870;30000
190870;50000
190878;200000
190890;500000
190908;150000
190910;180000
190914;400000
190988;10000
190999;9000
191114;700000
191149;60000
191169;160000
191214;180000
191215;135000
191226;5000
191232;300000
191240;250000
191241;300000
191270;350000
191280;71500
191281;250000
210806;50000
210827;200000
210828;200000
210841;80000
210870;20000
210870;30000
210870;128000
210872;80000
210872;400000
210879;250000
210880;300000
210882;70000
210882;46000
210882;26000
210986;120000
210987;250000
211797;180000
211800;150000
211826;100000
211842;300000
211848;300000
211849;400000
212233;70000
212251;700000
212252;300000
212253;500000
212255;250000
212291;480000
212331;100000
212352;140000
212395;12000
212395;10000
212403;400000
212417;50000
212428;350000
212435;500000
212437;750000
212474;180000
212500;200000
212516;16000
212516;12000
212582;350000
213048;150000
213051;250000
213052;400000
213061;135000
213065;30000
213087;200000
213087;200000
213087;350000
213091;140000
213093;450000
213110;50000
214141;400000
214334;350000
214354;200000
214357;50000
214537;150000
214537;80000
214537;80000
214552;450000
214559;380000
214566;20000
214718;300000
214732;500000
214847;250000
215145;180000
215146;160000
215147;600000
215150;85000
215158;250000
215175;170000
215238;600000
215255;150000
215263;60000
215263;300000
215266;20000
215272;100000
215321;700000
215452;276000
215501;150000
215501;100000
215595;80000
215596;170000
215597;150000
215602;40000
218226;22500
218226;66000
218226;22600
218227;104600
218228;249000
218229;174700
218230;103000
218234;150000
218237;53900
219146;9999
219151;80000
219151;150000
219151;200000
219152;80000
219154;109600
219155;300000
219156;150000
219157;9999
219625;560000
219665;150000
219684;220000
219730;350000
219751;80000
219757;120000
221078;500000
221310;200000
226533;98000
226534;34900
226535;48300
226536;67000
226550;120000
226551;111200
226552;167000
227158;300000
227225;39700
227226;30000
227270;71400
231272;125000
231404;500000
231407;200000
231407;70000
231407;150000
231437;400000
231470;200000
231472;300000
231500;400000
231529;500000
231536;150000
231537;160000
231538;120000
231539;150000
231540;120000
231548;190000
231550;30000
231560;100000
231568;550000
231569;200000
231571;400000
231598;67000
231608;420000
231622;18000
231641;150000
231654;400000
231656;60000
231657;360000
231658;250000
231662;93400
231667;400000
231682;480000
231684;50000
231685;300000
231686;450000
231687;160000
231688;400000
231689;400000
231690;230000
231691;450000
231692;250000
231694;60000
231719;280000
231720;280000
231743;150000
231792;370000
231797;10000
231800;200000
231801;400000
231809;70000
231810;300000
231818;250000
231819;300000
231820;100000
231865;300000
231866;250000
231878;500000
231881;600000
231909;50000
231910;200000
231912;300000
231917;350000
231926;350000
231964;290000
232075;100000
232137;600000
232219;350000
232239;600000
232241;472000
232264;350000
232284;50000
232301;280000
232330;500000
232445;173000
232450;50000
232458;200000
232535;400000
232548;250000
232549;150000
232653;180000
232655;150000
232656;380000
232659;160000
232661;400000
232676;100000
232700;300000
232702;700000
232703;300000
232704;230000
232705;350000
232706;250000
232707;200000
232708;190000
232709;400000
232734;350000
232744;250000
232756;100000
232757;100000
232771;40000
232894;150000
232896;155000
232913;260000
232964;150000
232976;120000
233002;150000
233022;500000
233040;350000
233089;250000
233090;100000
233093;100000
233097;250000
233105;400000
233136;20000
233148;300000
233149;500000
233159;30000
233171;150000
233224;100000
233255;5000000
233337;300000
233338;250000
233341;300000
233343;300000
233361;450000
233385;320000
233386;150000
233401;120000
233420;250000
233484;250000
233489;400000
233530;280000
233549;140000
233585;550000
233595;500000
233604;150000
233609;700000
233610;600000
233737;150000
233772;150000
233778;300000
233810;360000
233903;100000
233933;25000
234161;300000
234190;200000
234192;25000
234192;15000
234193;110000
234193;60000
234193;150000
234195;80000
234195;80000
234195;150000
234245;280000
234246;50000
234302;500000
234303;740000
234314;250000
234900;190000
234908;320000
234910;800000
234936;400000
234950;200000
235381;300000
235553;150000
235977;150000
235979;250000
235980;300000
236289;280000
236294;65000
236294;30000
236376;600000
237057;350000
237103;250000
237172;150000
237173;100000
237177;98000
237178;300000
237207;250000
237234;450000
237235;500000
237339;420000
237342;400000
237384;600000
237387;110000
237419;15000
237419;5500
237421;40000
237459;30000
237459;20000
237813;35000
243830;200000
244828;49000
244829;420000
244833;200000
244834;13000
244835;350000
245484;250000
245620;194750
245623;600000
245685;300000
245708;500000
246560;80000
246561;5000
257005;500000
257028;191350
257029;115000
257032;320000
257040;400000
257041;250000
257044;100000
257048;15000
257048;20000
257071;450000
257072;500000
257073;400000
257074;500000
257077;400000
257078;250000
259701;200000
259702;70000
259757;80000
259759;500000
259783;650000
259785;700000
259797;320490
259798;310000
259803;190000
259868;350000
259869;100000
259870;200000
259877;80000
259878;50000
259905;1200000
259916;12000
259926;250000
259927;350000
259933;500000
259976;500000
259983;40000
259983;210000
259984;150000
259986;100000
259988;600000
259989;500000
259990;200000
259991;1000000
259997;350000
259998;250000
259999;30000
260000;250000
260001;300000
260002;150000
260003;200000
260004;230000
260005;100000
260006;150000
260007;100000
260011;150000
260014;600000
260015;300000
260016;280000
260017;200000
260018;80000
260020;200000
260021;100000
260025;80000
260025;100000
260028;120000
260029;140000
260032;300000
260033;200000
260086;180000
260088;320000
260089;200000
260093;400000
260162;250000
260163;300000
260171;450000
260183;23000
260185;500000
260186;4500
260190;245000
260227;200000
260250;500000
260251;450000
260252;500000
260253;600000
260254;550000
260255;700000
260257;900000
260260;800000
260261;600000
260263;500000
260263;100000
260263;200000
260270;300000
260270;120000
260270;200000
260271;230000
260271;55000
260271;190000
260272;310000
260272;90000
260272;250000
260273;200000
260273;50000
260273;150000
260274;370000
260274;135000
260274;245000
260275;420000
260275;170000
260275;250000
260276;400000
260276;120000
260276;300000
260277;300000
260277;80000
260277;220000
260279;180000
260279;60000
260279;110000
260280;750000
260280;200000
260280;500000
260297;360000
260302;240000
260303;380000
260331;60000
260332;40000
260333;600000
260427;150000
260428;250000
260621;300000
260624;700000
260625;120000
260657;160000
260657;60000
260657;90000
260671;500000
260673;100000
260693;400000
260789;200000
260801;900000
260817;100000
260819;200000
260821;80000
260923;300000
260924;520000
260934;18000
260934;100000
260991;250000
260992;200000
260993;393000
260994;65000
260995;21000
260996;80000
260997;200000
261006;500000
261028;680000
261031;200000
261206;200000
261207;160000
261281;5000
261325;400000
261326;120000
261328;200000
261329;150000
261382;500000
261383;300000
261386;380000
261387;9000
261387;100000
261387;276000
261396;300000
261397;300000
261398;150000
261431;300000
261443;150000
261449;80000
261461;150000
261467;250000
261471;350000
261471;150000
261471;100000
261472;500000
261472;150000
261472;200000
261473;450000
261473;180000
261473;250000
261475;300000
261475;80000
261475;180000
261476;400000
261477;50000
261541;30000
261694;600000
261749;60000
261778;300000
261816;250000
261828;400000
261830;16000
261837;300000
261838;300000
261847;69000
261849;170000
261869;180000
261872;130000
261938;265000
261939;240000
261967;6000
261967;1000
261967;1600
261968;5000
262060;80000
262065;250000
262376;230000
262377;50000
262378;350000
262379;600000
262380;150000
262385;300000
262389;350000
262390;280000
262391;600000
262399;300000
262400;250000
262401;300000
262526;600000
262557;12000
262567;20000
262633;80000
262645;130000
262687;35000
262687;20000
262687;60000
262688;40000
262688;13000
262688;10000
262717;140000
262772;500000
263757;250000
263763;2000000
263770;50000
263772;400000
263774;350000
263774;150000
263776;200000
263783;10000
263800;300000
263816;400000
264514;50000
265394;400000
265394;100000
265394;200000
265423;300000
265503;150000
266095;200000
266107;1000000
266207;750000
266208;600000
266275;250000
266278;500000
266285;200000
266395;5000
274569;400000
274570;80000
274570;80000
274570;50000
274655;200000
276690;180000
277515;27000
277516;1700
277517;187150
277518;2400
277522;200000
277524;43000
277557;300000
277840;400000
277841;400000
277898;56500
277904;500000
277977;650000
277981;37200
277982;14000
287569;100000
287662;800000
287664;500000
287680;300000
287687;300000
287689;300000
287690;200000
287692;150000
287694;200000
287696;80000
287697;170000
287735;350000
288443;60000
288488;350000
288499;230000
288500;350000
288530;500000
288554;100
288554;50000
288554;150000
288623;200000
288624;280000
288625;300000
288630;180000
288660;250000
288667;800000
288679;400000
288693;350000
288761;100000
288788;500000
292311;480000
292320;800000
292324;300000
292353;66000
292370;380000
292372;200000
292373;220000
292374;75000
292375;200000
292380;100000
292381;400000
292382;250000
292383;150000
292402;350000
292451;150000
292457;50000
292681;280000
292681;30000
292681;80000
292696;200000
292697;600000
292698;300000
292735;600000
292833;170000
292834;250000
292836;50000
292840;500000
292840;400000
292841;200000
292859;600000
292864;350000
292896;4700
292920;700000
292937;100000
292937;30000
292937;300000
292940;200000
292962;250000
293010;300000
293023;350000
293025;150000
293102;60000
293184;80000
293190;600000
293204;260000
293230;150000
293237;300000
293239;450000
293240;150000
293246;200000
293309;300000
293368;50000
293368;70000
293368;250000
293424;80000
293478;100000
293486;200000
293486;300000
293486;300000
293487;300000
293487;200000
293487;400000
293496;300000
293497;70000
293498;250000
293501;150000
293502;30000
293503;160000
293567;200000
293592;200000
294072;70000
294167;150000
294169;250000
294170;150000
294171;250000
294172;200000
294173;500000
294174;100000
294214;200000
294214;800000
294231;120000
294253;20000
294439;80000
294452;900000
294453;200000
294454;450000
294455;200000
294457;800000
294458;200000
294459;200000
294460;80000
294461;250000
294465;210000
294493;150000
294494;200000
294495;170000
294496;320000
294501;300000
294505;120000
294506;50000
294507;80000
294516;300000
294517;200000
294523;100000
294523;100000
294523;150000
294528;70000
294529;280000
294530;300000
294532;250000
294535;350000
294536;380000
294590;650000
294591;450000
294592;250000
294596;300000
294600;230000
294601;80000
294606;110000
294607;120000
294773;320000
294774;120000
294776;400000
294793;35000
294795;40000
294796;250000
294884;30000
294885;35000
294885;25000
294887;100000
294896;24000
295013;150000
295130;150000
295131;100000
295133;80000
295240;700000
295242;40000
295242;70000
295242;100000
295244;300000
295267;50000
295301;215000
295302;250000
295305;220000
295306;500000
295307;900000
295308;300000
295309;150000
295310;500000
295316;200000
295317;180000
295323;20000
295323;20000
295323;50000
295329;50000
295331;50000
295331;20000
295331;40000
295339;209000
295341;75000
295342;105000
295343;300000
295345;350000
295350;450000
295372;350000
295443;250000
295444;120000
295445;350000
295447;300000
295448;370000
295449;150000
295451;200000
295454;180000
295455;140000
295458;500000
295562;300000
295579;250000
295680;70000
295820;250000
295820;40000
295822;200000
295844;250000
295845;235000
295849;80000
295860;120000
295863;100000
295970;20000
295976;400000
295978;450000
296001;80000
296016;240000
296028;100000
296053;300000
296063;250000
296064;200000
297354;150000
297363;50000
297839;68700
297905;200000
298069;48000
298121;78000
298128;402100
298129;45000
298130;78000
298131;63900
298174;500000
298289;58300
298290;43100
298293;523650
298297;20000
298728;180000
299201;30000
299201;20000
299927;12000
299936;320000
299942;160000
299974;270000
300055;280000
300081;250000
300082;200000
300083;500000
300084;60000
300133;25000
300133;50000
300133;220000
301639;250000
304264;140000
304344;30000
304370;150000
304370;150000
304370;300000
304447;300000
304447;300000
304447;400000
305145;196300
306099;450000
308491;600000
308492;250000
308615;200000
308615;200000
308615;100000
312325;300000
312334;386000
312337;300000
312338;500000
312340;90000
312343;600000
312344;800000
312346;268000
312356;200000
312361;650000
312366;250000
312367;210000
312368;180000
312369;135000
315272;80000
315280;100000
315281;600000
315333;300000
315342;200000
315342;100000
315342;200000
315368;40000
315386;240000
315387;350000
315390;180000
315391;500000
315392;600000
315395;100000
315559;250000
315582;180000
315583;460000
315588;320000
315589;100000
315590;300000
315591;60000
315592;200000
315593;250000
315594;100000
315621;30000
315623;200000
315624;250000
315625;150000
315626;274000
315630;300000
315634;150000
315635;400000
315636;500000
315637;200000
315639;300000
315640;500000
315641;500000
315672;250000
315673;400000
315676;250000
315691;200000
315692;300000
315737;345000
315758;500000
315759;360000
315764;380000
315765;450000
315767;370000
315774;600000
315775;61000
315780;350000
315791;200000
315792;100000
315793;400000
315800;400000
315815;80000
315816;50000
315817;300000
315818;150000
315822;84700
315822;26000
315822;150000
315838;100000
315840;200000
315850;150000
315851;480000
315853;280000
315866;200000
315897;300000
315963;400000
315973;140000
316004;400000
316005;160000
316008;100000
316012;400000
316016;70000
316148;380000
316149;320000
316152;380000
316205;300000
316212;325000
316220;900000
316223;200000
316224;350000
316232;200000
316235;200000
316254;200000
316284;20000
316311;80000
316311;70000
316315;80000
316315;150000
316321;280000
316345;120000
316355;60000
316355;60000
316355;30000
316422;150000
316438;500000
316450;200000
316552;180000
316553;200000
316554;200000
316555;150000
316556;36000
316558;300000
316566;20000
316567;5000
316568;5000
316569;5000
316577;240000
316581;500000
316583;190000
316591;150000
316592;160000
316594;200000
316768;700000
316778;370000
316783;450000
316784;450000
316866;350000
316939;250000
316959;150000
316968;300000
316985;240000
316987;250000
316992;400000
316995;500000
316996;350000
316997;300000
316998;250000
317031;180000
317053;300000
317079;350000
317079;40000
317079;12000
317119;250000
317123;350000
317124;410000
317130;200000
317130;80000
317130;400000
317143;420000
317148;450000
317151;200000
317152;200000
317163;160000
317164;75000
317164;350000
317172;120000
317190;70000
317191;80000
317194;400000
317195;1000000
317196;1000000
317197;800000
317198;800000
317199;1200000
317200;1100000
317201;800000
317202;900000
317203;800000
317204;900000
317205;220000
317223;100000
317228;200000
317279;200000
317425;60000
317426;200000
317436;600000
317438;270000
317442;250000
317459;80000
317459;50000
317459;160000
317461;44000
317461;40000
317461;120000
317506;500000
317552;10000
317580;170000
317619;20000
317673;320000
317674;300000
317695;75000
317699;150000
317700;560000
317708;170000
317711;300000
317735;100000
317795;999
318121;60000
318122;80000
318123;80000
318152;80000
318152;600000
318217;80000
318218;150000
318230;200000
318252;148000
318279;400000
318316;150000
318366;25000
318366;12000
318366;18000
318367;25000
318367;22000
318367;20000
318378;200000
318378;200000
318390;23000
318390;26000
318390;18000
319031;600000
319032;350000
319165;600000
319558;200000
319638;350000
319914;50000
319916;180000
319917;200000
319920;50000
319920;30000
320134;60000
320186;45000
320188;60000
320322;30000
320323;100000
320324;400000
320324;12000
320772;400000
320811;142000
320822;300000
321064;300000
321072;100000
321121;30000
321242;400000
321243;600000
321275;80000
321275;100000
321275;806
321576;200000
321578;20000
321579;200000
321580;500000
321581;250000
321593;400000
321594;227000
321599;100000
321599;70000
321599;250000
321602;150000
321605;250000
321678;270000
321699;220000
321699;250000
321699;150000
321702;60000
321702;10000
321702;10000
321710;150000
321710;50000
321710;150000
321716;130000
321969;340000
321970;200000
321971;180000
321972;280000
321979;200000
321980;200000
321992;780000
322052;300000
323982;250000
324515;300000
324958;300000
325336;200000
325337;250000
325456;50000
325457;300000
325476;450000
325519;400000
325519;200000
325519;150000
325528;200000
326749;200000
329167;23500
329332;36000
329333;178600
329343;136000
329350;210000
329921;300000
334098;300000
334312;280000
334329;8000
334330;450000
334352;300000
334362;380000
334364;180000
334372;400000
334373;250000
334374;350000
334436;1800000
334469;350000
336783;350000
336789;60000
336789;28000
336789;100000
336795;7000
336807;150000
336807;60000
336807;100000
336808;200000
336808;70000
336808;150000
336866;380000
336867;300000
336869;250000
336871;400000
336895;150000
336896;250000
336897;200000
336898;200000
336899;200000
336900;250000
336959;80000
337074;190000
337085;180000
337086;480000
337088;230000
337089;200000
337090;375000
337091;350000
337092;550000
337093;350000
337094;320000
337095;350000
337098;450000
337101;250000
337113;400000
337114;400000
337115;300000
337116;450000
337117;450000
337119;400000
337122;450000
337159;300000
337184;210000
337229;100000
337329;400000
337438;340000
337439;320000
337486;450000
337499;350000
337499;350000
337518;80000
337521;150000
337543;20000
337544;20000
337545;5000
337546;10000
337547;20000
337564;150000
337602;60000
337604;30000
337605;30000
337607;150000
337608;100000
337610;250000
337617;200000
337619;100000
337686;300000
337729;150000
337786;250000
337794;200000
337801;60000
337802;300000
337803;600000
337804;200000
337805;300000
337807;500000
337811;400000
337828;30000
337917;180000
337919;150000
337983;350000
337984;300000
337985;200000
338080;50000
338099;200000
338100;50000
338101;500000
338103;200000
338109;500000
338110;500000
338123;250000
338134;350000
338141;300000
338184;930000
338221;40000
338221;13000
338265;150000
338278;120000
338293;100000
338389;250000
338508;500000
338514;150000
338515;150000
338517;625000
338533;200000
338539;95000
338575;250000
338576;550000
338590;300000
338598;250000
338611;170000
338612;100000
338613;70000
338702;200000
338703;20000
338704;80000
338716;350000
338730;300000
338744;300000
338766;500000
338768;600000
338783;350000
338783;250000
338783;500000
338830;325000
338832;200000
338833;150000
338846;725000
338869;280000
338951;150000
339016;630000
339027;300000
339072;100000
339077;30000
339095;780000
339393;40000
339396;80000
339407;600000
339417;12000
339436;6500
339437;6000
339493;79000
339493;40000
339493;60000
339516;100000
339537;100000
339539;120000
339554;230000
339556;700000
339586;400000
339587;200000
339589;180000
339593;230000
339604;150000
339608;200000
339609;580000
339625;250000
339631;22000
339643;400000
339821;350000
339939;180000
339941;60000
339995;600000
340001;10000
340005;450000
340034;80000
340132;32000
340132;60000
340132;21000
340133;25000
340133;57000
340133;26000
340139;32000
340139;70000
340139;21000
340141;30000
340141;70000
340141;20000
340148;24000
340148;32000
340148;3000
340149;25000
340149;15000
340149;12000
340232;400000
340273;450000
340343;600000
341761;300000
341864;56000
341864;75000
341864;20000
342783;45000
342785;35000
343801;300000
344056;200000
344900;4000
347964;120000
347965;50000
355439;300000
355539;250000
355540;600000
355540;200000
355540;500000
355542;200000
355542;240000
355542;800000
355549;400000
355602;400000
355604;280000
355647;700000
355749;200000
355750;150000
355751;400000
355752;80000
355753;300000
355754;200000
355756;100000
355759;100000
355762;150000
355768;200000
355770;400000
355775;200000
355792;200000
355793;400000
355802;50000
355803;250000
355805;250000
355806;300000
355853;420000
355854;390000
355923;250000
355931;50000
355939;200000
355952;110000
355956;250000
355968;280000
355975;250000
355981;400000
355999;350000
356000;280000
356001;600000
356005;850000
356022;250000
356023;300000
356024;50000
356025;400000
356039;450000
356049;680000
356051;2900000
356052;2500000
356053;2800000
356054;1595000
356055;1250000
356063;650000
356070;300000
356072;600000
356073;500000
356074;700000
356075;500000
356076;500000
356077;600000
356078;500000
356079;500000
356080;500000
356081;600000
356213;100000
356213;100000
356213;400000
356238;150000
356374;500000
356398;100000
356398;50000
356398;100000
356430;130000
356442;600000
356443;180000
356444;200000
356454;300000
356455;150000
356456;80000
356463;650000
356477;100000
356477;70000
356477;100000
356478;160000
356478;20000
356478;50000
356495;20000
356496;15000
356510;20000
356553;600000
356636;200000
356639;600000
356643;700000
356651;300000
356652;50000
356653;400000
356693;400000
356702;200000
356718;80000
356720;100000
356721;200000
356748;300000
356748;100000
356748;600000
356757;500000
356835;500000
356836;400000
356837;300000
356840;600000
356841;500000
356842;600000
356888;240000
356938;20000
357024;350000
357031;600000
357033;380000
357042;350000
357048;200000
357071;50000
357104;50000
357105;35000
357105;50000
357105;60000
357106;150000
357113;257000
357114;200000
357115;520000
357117;1650000
357120;1800000
357121;3200000
357123;1950000
357124;2100000
357133;350000
357134;400000
357138;320000
357139;400000
357166;120000
357166;80000
357166;500000
357216;600000
357217;400000
357218;450000
357279;200000
357353;185000
357397;50000
357398;200000
357438;14600
357438;15000
357438;15000
357439;250000
357484;170000
357524;130000
357558;380000
357590;580000
357592;167500
357739;60000
357742;200000
357753;180000
357761;120000
357766;700000
357768;50000
357768;60000
357768;30000
357769;25000
357769;15000
357770;31000
357770;40000
357770;12000
357773;30000
357773;20000
357773;26000
357864;300000
358012;700000
358014;300000
358015;120000
358017;480000
358022;300000
358031;200000
358032;300000
358147;40000
358148;15000
358350;50000
358350;45000
358370;280000
358371;150000
358372;650000
358373;20000
358374;250000
358612;80000
358613;80000
358614;100000
358620;300000
358629;40000
358906;320000
358911;200000
358912;180000
358925;230000
358926;190000
358927;300000
359140;150000
359962;700000
360048;800000
360263;250000
360290;100000
360290;300000
360672;150000
360672;30000
360672;200000
360699;600000
360834;300000
360910;100000
360912;300000
361017;300000
361026;250000
361049;400000
361054;350000
362027;20000
362027;5000
362027;10000
362028;300000
362031;180000
363886;2000
363886;3000
364284;60000
364299;100000
364577;362000
364915;500000
365343;38000
365354;600000
365387;62900
365387;52275
365392;137000
365397;63000
365397;40000
366035;280000
366858;700000
376485;80000
376588;150000
376589;300000
376590;100000
376592;150000
376594;200000
376677;16000
376690;30000
376692;450000
376706;150000
376707;50000
376708;50000
376709;50000
376711;50000
376711;200000
376713;300000
376714;120000
376724;120000
376743;120000
376744;120000
376770;300000
376787;80000
376790;550000
376795;400000
376803;500000
376804;500000
376805;600000
376809;500000
376816;350000
376817;800000
376818;150000
376819;500000
376821;800000
376829;300000
376835;160000
376841;800000
376850;170000
376851;200000
376885;700000
376894;350000
376898;420000
376903;450000
376905;180000
376914;200000
376914;429300
376915;50000
376915;20000
376915;250000
376921;70000
377035;200000
377078;400000
377079;300000
377092;400000
377111;430000
377112;200000
377121;150000
377122;200000
377125;15000
377125;5000
377126;600000
377129;34000
377131;300000
377134;600000
377158;250000
377208;250000
377289;450000
377290;180000
377296;150000
377298;300000
377300;500000
377382;300000
377384;400000
377594;350000
377618;400000
377663;50000
377664;500000
377672;250000
377695;580000
377702;100000
377702;150000
377704;550000
377706;600000
377736;20000
377736;15000
377736;25000
377746;600000
377747;600000
377748;700000
377749;200000
377750;400000
377751;170000
377752;600000
377753;600000
377754;600000
377755;150000
377757;150000
377765;200000
377779;600000
377780;300000
377781;250000
377852;400000
377856;100000
377858;290000
377900;700000
377905;350000
377913;400000
377920;500000
377921;200000
377943;450000
377963;80000
377973;300000
377978;110000
378047;260000
378048;300000
378217;180000
378228;500000
378239;500000
378245;300000
378248;300000
378266;170000
378279;300000
378288;500000
378297;280000
378300;300000
378302;300000
378316;300000
378328;400000
378329;250000
378330;400000
378333;160000
378333;100000
378333;200000
378342;400000
378359;280000
378361;100000
378374;10000
378385;30000
378386;12000
378433;100000
378513;50000
378515;20000
378525;580000
378526;450000
378527;230000
378529;300000
378530;300000
378531;250000
378542;100000
378547;100000
378556;180000
378561;300000
378567;250000
378576;550000
378580;250000
378584;200000
378684;98000
378762;100000
378822;300000
378827;180000
378833;360000
378840;50000
378840;50000
378840;100000
378878;180000
378884;450000
378920;100000
378920;50000
378920;100000
379221;275000
379222;250000
379235;850000
379254;300000
379310;800000
379401;180000
379402;200000
379410;650000
379533;350000
380153;600000
380364;100000
381320;100000
381321;350000
381654;9000
381654;20000
381953;450000
381954;150000
381958;275000
381960;280000
381963;150000
382061;300000
382061;500000
382183;55000
382184;50000
382185;150000
382185;80000
382201;70000
382201;20000
382201;18000
382202;200000
382203;300000
382500;600000
382541;500000
382542;700000
382543;160000
382543;70000
382543;60000
382550;600000
382569;300000
382633;300000
382658;220000
382679;380000
382738;100000
382842;150000
382892;300000
382894;100000
382905;450000
382957;1000000
382962;70000
383028;300000
383535;200000
384004;40000
386478;74000
386478;23000
386491;250000
386558;350000
387310;300000
391104;40000
395726;350000
395728;400000
396540;250000
396542;400000
396966;360000
397213;300000
397230;50000
397283;100000
397284;200000
397285;200000
397286;120000
397288;300000
397301;280000
397303;200000
397304;200000
397305;180000
397306;190000
397375;400000
397385;300000
397393;20900
397417;300000
397418;800000
397419;500000
397420;250000
397422;400000
397423;100000
397424;300000
397425;500000
397427;700000
397434;200000
397435;60000
397436;80000
397437;90000
397439;300000
397441;120000
397453;200000
397461;30000
397477;100000
397492;250000
397492;150000
397492;200000
397551;200000
397552;300000
397553;120000
397554;200000
397565;210000
397567;480000
397574;400000
397587;320000
397588;350000
397589;400000
397593;350000
397599;400000
397607;500000
397608;1500000
397610;150000
397611;700000
397614;1000000
397624;700000
397636;150000
397653;350000
397659;500000
397660;600000
397661;450000
397663;500000
397665;800000
397667;1000000
397669;500000
397670;700000
397671;450000
397672;400000
397673;600000
397674;600000
397675;600000
397676;700000
397677;550000
397682;120000
397705;300000
397904;300000
398024;200000
398034;370000
398043;8000000
398045;200000
398046;450000
398047;300000
398048;300000
398054;60000
398055;700000
398075;400000
398076;280000
398076;180000
398076;100000
398129;1000000
398145;8000
398190;500000
398297;3500
398308;20000
398308;45000
398309;100000
398309;100000
398310;200000
398314;10000
398314;190000
398329;250000
398353;400000
398366;1000000
398373;220000
398430;600000
398431;450000
398437;100000
398474;250000
398477;70000
398478;250000
398623;400000
398734;600000
398741;200000
398742;250000
398758;230000
398760;380000
398787;400000
398867;200000
398879;450000
398880;80000
398923;400000
398932;400000
399008;100000
399093;300000
399107;345000
399112;250000
399160;600000
399161;200000
399190;320000
399207;350000
399250;700000
399257;150000
399262;500000
399272;200000
399286;300000
399287;250000
399289;200000
399290;150000
399295;330000
399370;500000
399372;300000
399421;200000
399422;200000
399426;80000
399428;40000
399458;300000
399493;350000
399561;200000
399574;300000
399575;150000
399586;800000
399638;150000
399644;360000
399645;8000
399646;5500
399647;300000
405180;199000
405180;68000
405181;80000
405181;80000
405181;20000
405209;45000
405224;300000
405302;23000
405305;20000
405306;23000
405314;300000
405329;80000
405331;160000
405413;43000
405502;40000
405503;45000
405507;200000
405510;100000
405529;60000
405531;30000
405551;150000
405594;180000
405606;170000
406243;400000
406247;340000
406969;150000
407515;300000
408126;150000
408442;450000
408443;150000
408444;250000
408473;180000
408964;340000
408969;650000
409019;280000
409030;500000
409254;400000
409257;100000
409274;780000
409756;200000
409757;300000
409759;300000
409933;250000
410061;67000
410062;30000
410064;38000
410065;8000
414204;300000
414210;400000
420835;45000
420835;105000
420852;100000
420852;50000
420852;150000
420944;800000
420990;120000
421050;80000
421052;300000
421054;300000
421056;250000
421060;380000
421062;180000
421064;350000
421065;250000
421110;200000
421133;250000
421134;200000
421135;200000
421136;150000
421159;700000
421162;300000
421163;600000
421164;900000
421165;400000
421181;560000
421182;180000
421191;250000
421193;700000
421194;150000
421195;600000
421216;450000
421217;540000
421221;450000
421226;500000
421329;260000
421346;190000
421453;500000
421455;250000
421456;400000
421459;500000
421461;350000
421478;350000
421480;80000
421481;5000
421516;800000
421530;1000
421539;3000
421540;7000
421542;1000
421553;25000
421596;300000
421597;250000
421599;600000
421601;60000
421622;100000
421624;200000
421628;200000
421629;100000
421645;450000
421647;300000
421685;340000
421688;450000
421689;500000
421718;400000
421787;350000
421805;400000
422008;200000
422018;130000
422104;200000
422136;1400000
422167;200000
422220;700000
422226;90000
422226;150000
422226;150000
422260;150000
422263;50000
422265;80000
422266;40000
422266;10000
422266;20000
422280;300000
422302;310000
422304;700000
422313;200000
422315;300000
422326;300000
422328;500000
422329;400000
422330;500000
422332;300000
422333;200000
422334;500000
422335;300000
422387;280000
422388;300000
422389;300000
422390;150000
422391;180000
422392;400000
422419;110000
422420;80000
422421;350000
422428;80000
422429;330000
422431;100000
422432;250000
422454;180000
422455;200000
422457;140000
422458;230000
422459;450000
422460;210000
422463;450000
422478;200000
422479;300000
422481;500000
422482;500000
422483;200000
422484;600000
422486;200000
422487;300000
422489;450000
422490;200000
422490;360000
422491;600000
422600;550000
422690;200000
422703;300000
422704;400000
422706;350000
422707;250000
422713;400000
422719;150000
422720;500000
422819;200000
422820;300000
422834;400000
422841;400000
422847;700000
422871;200000
422873;360000
422875;188678
422924;800000
422945;280000
422981;230000
422984;180000
423062;60000
423104;390000
423112;300000
423114;100000
423159;250000
423160;120000
423161;300000
423162;160000
423187;500000
423225;250000
423280;350000
423281;400000
423364;200000
423365;300000
423374;70000
423374;70000
423374;110000
423406;300000
423465;250000
423473;900000
423474;380000
423475;120000
423493;300000
423511;320000
423514;160000
423522;400000
423524;250000
423724;200000
423848;45000
423854;200000
423862;130000
423862;50000
423862;80000
423863;1200000
423868;450000
423869;750000
423883;120000
423883;67000
423905;520000
423909;500000
423949;100000
423953;150000
423997;150000
424110;150000
424111;350000
424112;150000
424113;200000
424300;400000
424309;150000
424312;150000
425231;200000
425233;250000
425234;350000
425403;600000
425404;180000
425417;500000
425584;200000
425658;217000
426221;300000
426224;700000
426486;300000
426523;50000
426847;200000
426944;450000
426945;180000
426948;25000
427012;400000
428165;430000
428166;50000
428167;2400
428169;267000
428299;230000
428301;170000
428377;480000
435114;350000
439037;239000
439064;60000
439067;380000
439068;150000
439068;50000
439068;200000
439072;200000
439072;80000
439072;100000
439097;1000000
439104;450000
439161;200000
439163;400000
439165;300000
439258;300000
439284;800000
439291;400000
439291;100000
439291;200000
439305;100000
439308;100000
439319;350000
439321;300000
439322;100000
439323;300000
439325;520000
439329;300000
439330;400000
439335;300000
439344;20000
439348;200000
439351;250000
439352;80000
439353;200000
439354;200000
439355;200000
439356;350000
439362;300000
439363;400000
439372;300000
439373;200000
439374;250000
439376;190000
439377;200000
439387;800000
439392;250000
439392;150000
439392;250000
439397;500000
439402;320000
439413;150000
439415;230000
439422;300000
439427;150000
439490;250000
439491;120000
439508;580000
439509;185000
439523;600000
439524;560000
439525;250000
439544;25000
439545;560000
439546;200000
439547;840000
439567;600000
439574;300000
439575;580000
439576;380000
439588;500000
439591;600000
439592;1000000
439594;700000
439595;600000
439601;400000
439603;700000
439620;130000
439626;30000
439687;70000
439687;180000
439802;700000
439834;30000
439834;10000
439834;8000
439936;150000
439943;250000
439949;560000
439954;600000
439955;384000
439960;20000
439961;180000
440010;300000
440025;14000
440026;3000
440027;3300
440028;13000
440059;5000
440060;3000
440158;100000
440159;150000
440162;400000
440182;150000
440188;20000
440188;40000
440188;40000
440291;130000
440292;30000
440292;20000
440292;90000
440293;80000
440296;100000
440306;400000
440316;220000
440318;450000
440321;180000
440324;300000
440329;100000
440333;200000
440359;110000
440372;200000
440373;350000
440374;350000
440388;500000
440393;30000
440402;300000
440419;80000
440421;90000
440422;150000
440423;60000
440424;220000
440425;400000
440427;450000
440428;80000
440430;410000
440431;340000
440432;100000
440433;650000
440434;700000
440436;280000
440531;120000
440607;100000
440609;350000
440610;300000
440611;300000
440646;12000
440667;450000
440722;190000
440748;350000
440772;250000
440790;400000
440794;200000
440809;400000
440809;150000
440809;250000
440827;800000
440829;256000
440830;1200000
440831;150000
440848;400000
440851;220000
440852;350000
440853;180000
440860;500000
440861;500000
440864;700000
440865;500000
440866;700000
440868;600000
440880;380000
440881;210000
440962;180000
440971;180000
441098;500000
441124;250000
441126;100000
441143;130000
441145;120000
441146;800000
441214;500000
441215;400000
441218;80000
441223;50000
441224;200000
441229;600000
441230;200000
441242;210000
441242;120000
441260;150000
441260;300000
441261;50000
441261;30000
441261;80000
441270;400000
441286;350000
441287;60000
441290;79000
441291;400000
441292;200000
441293;250000
441294;180000
441295;280000
441296;150000
441297;190000
441298;60000
441299;50000
441343;260000
441344;550000
441396;400000
441397;280000
441430;45000
441437;120000
441437;80000
441439;200000
441449;700000
441479;400000
441480;300000
441540;450000
441551;600000
441554;900000
441562;500000
441563;450000
441563;400000
441563;60000
441614;250000
441797;150000
441814;600000
441817;300000
441818;600000
441820;400000
441826;150000
441827;300000
441851;170000
441852;400000
441978;300000
442006;400000
442263;650000
442781;200000
442782;350000
442783;200000
442785;350000
442787;80000
442859;300000
442860;250000
443008;250000
443016;50000
443064;350000
443115;20000
443116;300000
443122;98000
443133;50000
444517;120000
444668;20000
444868;600000
444945;400000
444959;50000
444959;140000
444982;60000
445027;250000
445040;350000
445096;100000
445155;520000
445157;240000
445234;230000
445250;400000
445722;350000
445740;200000
446105;160000
446125;70000
446128;200000
446810;8000
446810;5000
447490;150000
448522;120000
448814;800000
448968;130000
448969;200000
448969;200000
448969;400000
449328;60000
449328;40000
449328;50000
449418;100000
449419;180000
449420;200000
449421;180000
449422;120000
449423;500000
449425;150000
449472;130000
449518;138000
449520;180000
449521;170000
449523;130000
449525;80000
449526;550000
449527;300000
449528;150000
450000;150000
450015;593000
450016;28000
450179;9000
450219;16000
457918;430000
466757;500000
466838;400000
466853;50000
466854;120000
466858;50000
466858;80000
466860;400000
466861;400000
466863;600000
466866;300000
466899;50000
466907;240000
466908;250000
466934;500000
466935;400000
466936;400000
466937;600000
466938;300000
466941;350000
466963;150000
466964;200000
466965;150000
466966;300000
466994;300000
467006;300000
467007;400000
467008;300000
467018;400000
467019;100000
467020;100000
467040;250000
467042;350000
467046;120000
467047;160000
467051;1000000
467052;400000
467053;300000
467054;200000
467055;350000
467056;80000
467058;500000
467059;100000
467065;600000
467068;600000
467082;30000
467083;150000
467125;500000
467140;350000
467176;180000
467190;200000
467193;50000
467196;400000
467215;200000
467250;500000
467252;150000
467264;200000
467266;400000
467267;450000
467268;300000
467272;300000
467274;900000
467285;600000
467286;30000
467287;300000
467288;5000
467289;560000
467290;200000
467306;840000
467308;640000
467310;800000
467325;700000
467326;690000
467327;750000
467328;800000
467329;600000
467330;700000
467331;650000
467333;870000
467334;500000
467335;600000
467336;400000
467472;600000
467475;250000
467482;55000
467482;45000
467486;300000
467489;170000
467497;300000
467595;26000
467609;600000
467653;750000
467679;140000
467680;250000
467685;1000000
467686;230000
467688;300000
467689;280000
467691;500000
467694;300000
467698;100000
467699;80000
467709;450000
467740;150000
467742;250000
467743;150000
467773;20000
467798;12000
467799;28000
467902;200000
467918;300000
467919;50000
467920;250000
467941;20000
467941;60000
467941;60000
467946;200000
467954;150000
467955;200000
467982;350000
467993;300000
467994;400000
467996;350000
467998;150000
467999;200000
468000;250000
468076;300000
468078;700000
468083;750000
468086;9000
468265;65000
468292;150000
468311;260000
468316;600000
468332;50000
468335;15000
468336;26500
468345;100000
468392;100000
468428;100000
468441;250000
468484;200000
468499;500000
468540;550000
468543;700000
468548;250000
468656;40000
468720;400000
468816;250000
468825;150000
468880;400000
468881;300000
468882;350000
468888;400000
468890;200000
468893;125000
468949;80000
468958;200000
468959;300000
468960;100000
468961;450000
468963;150000
468964;600000
468965;300000
468974;80000
468975;54000
468980;200000
468981;120000
468988;20000
468988;30000
468991;600000
469007;420000
469056;200000
469067;300000
469182;350000
469186;400000
469206;450000
469209;490000
469210;330000
469226;90000
469228;500000
469230;180000
469231;400000
469809;400000
469980;150000
469980;500000
469981;180000
469981;400000
470076;800000
470313;150000
470345;540000
470346;600000
470357;50000
470357;120000
470357;150000
470383;150000
470413;240000
470744;300000
471363;180000
471363;200000
471363;200000
471373;800000
471674;180000
471676;320000
471677;100000
471804;240000
471804;50000
471804;100000
471911;8000
471913;200000
471916;255000
471983;440000
472081;263000
472579;250000
472580;260000
472583;7000
473428;200000
473438;100000
473646;135000
473775;400000
473885;700000
473886;450000
473888;180000
473936;250000
473961;350000
475939;300000
478016;150000
478027;380000
478029;350000
479593;470000
482800;280000
482800;250000
498743;800000
498766;250000
501789;56000
501791;340000
501955;250000
501956;450000
502031;300000
502032;140000
502033;250000
502035;150000
502036;300000
502043;350000
502045;450000
502075;300000
502076;200000
502077;350000
502078;300000
502092;250000
502215;25000
502215;5000
502216;80000
502219;50000
502219;40000
502264;400000
502266;300000
502276;300000
502277;600000
502278;300000
502279;500000
502280;500000
502281;500000
502283;250000
502284;200000
502313;250000
502315;200000
502316;24000
502316;4000
502316;300000
502317;350000
502318;120000
502319;100000
502321;300000
502322;70000
502325;150000
502326;300000
502327;600000
502328;450000
502329;150000
502331;300000
502333;400000
502334;350000
502336;300000
502342;450000
502368;100000
502368;50000
502368;150000
502388;80000
502389;300000
502390;200000
502409;200000
502414;300000
502470;30000
502493;150000
502494;120000
502513;510000
502533;120000
502537;450000
502550;5000
502560;150000
502561;100000
502562;300000
502563;650000
502564;750000
502566;400000
502567;650000
502568;800000
502569;550000
502573;400000
502581;980000
502582;3000000
502593;150000
502594;100000
502595;600000
502607;30000
502631;800000
502638;1100000
502640;1000000
502642;850000
502643;750000
502644;860000
502655;500000
502657;450000
502658;100000
502664;400000
502674;450000
502676;520000
502685;420000
502806;350000
502811;300000
502827;35000
502827;25000
502966;30000
502981;380000
502996;8000
503044;60000
503049;98000
503049;25000
503049;200000
503051;45000
503080;400000
503091;150000
503093;200000
503097;10000
503100;7500
503105;250000
503143;1000000
503146;50000
503153;50000
503153;100000
503169;220000
503169;220000
503169;700000
503184;5000
503277;200000
503278;200000
503295;2500000
503296;500000
503309;50000
503318;400000
503343;200000
503343;100000
503343;500000
503412;60000
503474;200000
503475;300000
503497;400000
503540;230000
503548;60000
503554;350000
503655;150000
503662;100000
503710;400000
503851;200000
503866;15000
503909;800000
503912;450000
503930;200000
503942;100000
503977;300000
503981;150000
503982;158000
503983;220000
503984;180000
503986;250000
503987;100000
503990;450000
503991;650000
503992;700000
503993;600000
503994;750000
503995;700000
503996;850000
503997;700000
503999;250000
504001;500000
504077;250000
504089;200000
504179;250000
504182;120000
504204;217000
504206;300000
504207;400000
504214;300000
504215;300000
504224;200000
504238;280000
504240;400000
504244;370000
504249;450000
504256;150000
504264;700000
504266;400000
504277;350000
504340;500000
504342;200000
504343;600000
504344;500000
504345;60000
504346;200000
504358;500000
504381;100000
504401;350000
504409;600000
504411;200000
504429;240000
504431;200000
504447;237000
504447;62000
504473;250000
504475;550000
504504;400000
504512;550000
504532;250000
504555;219000
504560;800000
504563;60000
504692;1200000
504720;200000
504843;280000
504850;45000
504852;70000
504871;500000
504936;200000
504937;450000
504944;450000
505046;250000
505091;60000
505091;50000
505091;30000
505117;70000
505117;60000
505117;30000
506500;990
506507;40000
506520;100000
507375;100000
507530;450000
507875;290000
507925;550000
507926;500000
508181;200000
508181;120000
508181;100000
508192;200000
508449;300000
508459;500000
508573;90000
508573;80000
508573;130000
508589;180000
508679;120000
508694;310000
508706;300000
508707;400000
508716;800000
508735;350000
508782;180000
508790;250000
508791;350000
512425;260000
512425;260000
512425;120000
512460;280000
512461;100000
512480;400000
513144;385500
513145;120000
513554;450000
513805;1200000
514602;210000
516939;200000
516939;100000
516939;120000
516942;150000
523821;1500000
523822;2000000
523825;800000
523867;800000
523903;1500000
523904;400000
523907;780000
523909;800000
523911;900000
523975;400000
523988;336000
524081;10000
524083;40000
524120;450000
524123;300000
524147;30000
524152;100000
524154;150000
524164;250000
524167;200000
524169;300000
524190;300000
524194;350000
524196;280000
524197;450000
524198;250000
524200;200000
524201;300000
524202;400000
524203;100000
524204;250000
524206;160000
524207;100000
524208;250000
524209;150000
524210;50000
524211;180000
524212;280000
524213;400000
524214;160000
524225;400000
524226;400000
524227;300000
524228;300000
524230;1200000
524231;700000
524232;100000
524236;250000
524238;100000
524239;300000
524240;300000
524243;500000
524249;300000
524282;150000
524283;150000
524287;1500000
524292;200000
524292;100000
524292;200000
524304;150000
524306;140000
524310;90000
524342;300000
524345;200000
524381;600000
524385;1500000
524386;50000
524387;100000
524394;200000
524395;300000
524431;400000
524437;450000
524454;300000
524458;500000
524459;600000
524464;480000
524465;400000
524469;300000
524474;500000
524482;300000
524482;130000
524491;150000
524518;180000
524519;200000
524520;250000
524525;600000
524528;600000
524530;700000
524542;260000
524569;160000
524661;25000
524661;18000
524662;55000
524663;16000
524663;20000
524664;15000
524664;10000
524671;30000
524672;30000
524734;250000
524818;400000
524827;13000
524837;300000
524855;400000
524858;500000
524877;150000
524937;7000
524940;24000
524996;200000
525065;300000
525081;500000
525083;200000
525084;100000
525085;150000
525086;280000
525087;300000
525148;700000
525149;500000
525253;340000
525276;120000
525278;200000
525279;350000
525280;45000
525283;100000
525286;180000
525288;68000
525288;30000
525288;100000
525289;40000
525289;20000
525289;100000
525292;268400
525362;300000
525363;120000
525405;300000
525410;700000
525420;450000
525434;150000
525442;450000
525443;200000
525566;100000
525571;200000
525734;500000
525738;300000
525739;300000
525740;70000
525741;350000
525742;200000
525743;50000
525745;1400000
525749;600000
525750;500000
525751;190000
525752;150000
525753;200000
525754;350000
525829;60000
525847;750000
525849;350000
525891;70000
525902;150000
525902;80000
525902;140000
525904;120000
525904;120000
525904;60000
525910;160000
525910;80000
525910;200000
525913;1500000
525915;400000
525929;300000
526008;230000
526017;100000
526064;180000
526078;200000
526079;200000
526090;25000
526091;25000
526091;12000
526094;16000
526094;12000
526098;100000
526105;200000
526203;300000
526225;180000
526226;150000
526257;500000
526260;50000
526266;185000
526267;150000
526281;300000
526281;100000
526281;300000
526304;300000
526307;350000
526345;100000
526350;60000
526351;250000
526354;180000
526355;150000
526356;60000
526356;40000
526395;200000
526422;450000
526524;88000
526525;300000
526528;200000
526569;50000
526570;350000
526571;50000
526572;500000
526574;400000
526575;80000
526576;150000
526590;200000
526591;214000
526611;150000
526634;200000
526655;600000
526656;400000
526665;100000
526674;300000
526705;350000
526710;180000
526718;50000
527070;220000
527075;380000
527076;120000
527082;60000
527214;250000
527220;300000
527223;250000
527278;150000
527319;80000
527326;50000
527392;350000
527430;150000
527840;40000
527875;350000
528247;320000
528248;180000
528483;112000
529925;870000
529945;200000
529946;100000
530140;500000
530689;120000
530798;150000
530809;680000
530813;400000
530822;400000
530838;180000
530845;300000
530921;500000
530921;80000
530921;200000
530939;500000
530949;300000
530950;200000
530954;800000
530954;300000
531032;30000
531032;60000
531032;150000
531045;150000
531046;420000
531167;400000
531235;120000
532104;30000
532104;25000
532124;500000
532934;200000
533586;27000
534479;500000
535120;200000
535128;300000
537124;300000
537126;300000
537133;400000
544657;150000
545064;550000
545065;30000
545070;100000
545070;50000
545070;50000
545201;450000
545251;150000
545251;100000
545251;130000
545260;400000
545261;350000
545312;450000
545313;70000
545314;150000
545315;200000
545316;200000
545319;150000
545320;250000
545321;350000
545322;250000
545323;300000
545326;400000
545327;250000
545328;350000
545329;350000
545331;350000
545332;380000
545333;400000
545342;90000
545343;150000
545344;300000
545348;200000
545359;500000
545360;200000
545361;450000
545363;300000
545364;300000
545365;400000
545366;600000
545368;350000
545369;500000
545370;300000
545371;300000
545372;130000
545373;60000
545374;20000
545374;100000
545375;180000
545376;80000
545376;350000
545377;80000
545377;400000
545380;100000
545381;50000
545381;180000
545386;600000
545407;185000
545413;103000
545465;400000
545469;500000
545472;500000
545476;600000
545480;300000
545487;450000
545487;150000
545501;50000
545519;800000
545521;600000
545522;600000
545523;500000
545524;2400000
545525;700000
545527;600000
545533;150000
545533;100000
545533;200000
545536;300000
545541;400000
545543;400000
545546;300000
545546;150000
545549;300000
545549;60000
545550;500000
545563;20000
545574;22000
545574;20000
545575;25000
545575;16000
545581;50000
545582;15000
545604;30000
545604;25000
545613;250000
545615;130000
545616;250000
545647;330000
545655;300000
545656;300000
545666;200000
545672;400000
545673;450000
545807;50000
545807;50000
545807;100000
545911;300000
545964;20000
545998;300000
546004;510000
546011;250000
546012;400000
546018;250000
546019;250000
546026;172000
546037;110000
546061;30000
546063;120000
546065;330000
546067;300000
546135;400000
546137;300000
546189;80000
546190;400000
546191;100000
546199;150000
546200;100000
546206;600000
546230;450000
546404;500000
546424;200000
546580;70000
546581;180000
546683;300000
546690;300000
546701;600000
546744;600000
546747;150000
546787;250000
546792;250000
546799;250000
546832;330000
546833;200000
546867;200000
546868;400000
546869;500000
546870;400000
546872;200000
546873;250000
546897;300000
546898;204000
546910;250000
546930;400000
546934;400000
546935;200000
546948;320000
547001;250000
547025;250000
547033;120000
547076;500000
547129;32700
547131;315000
547168;600000
547221;210000
547259;200000
547259;150000
547259;100000
547260;80000
547260;50000
547260;300000
547268;600000
547275;300000
547312;150000
547313;200000
547314;1200000
547348;100000
547348;50000
547348;45000
547359;200000
547368;300000
547372;400000
547374;30000
547374;10000
547375;150000
547377;450000
547378;170000
547379;230000
547396;220000
547404;220000
547412;130000
547452;670000
547454;600000
547523;150000
547529;320000
547568;500000
547578;600000
547660;120000
547661;150000
547662;20000
547662;180000
547684;250000
547685;582000
547686;500000
548373;150000
548379;30000
548381;35000
548381;20000
548381;30000
548385;45000
548385;35000
548385;56000
548391;300000
548395;150000
548549;30000
548552;12000
548552;10000
548552;6000
548564;25000
548564;15000
548565;35000
548565;25000
548566;30000
548566;20000
548566;30000
548726;25000
548726;15000
548808;80000
548835;150000
548906;260000
550320;150000
551184;280000
551355;1200000
551356;1500000
551380;150000
551381;300000
551382;200000
551683;355000
551691;200000
551700;475000
551973;250000
551974;300000
552086;450000
552391;450000
552395;750000
552399;200000
552433;400000
552442;80000
552442;60000
552442;120000
552462;280000
552485;300000
552506;70000
552506;50000
552506;100000
552581;200000
552620;250000
552645;500000
552646;150000
552646;100000
552646;50000
552651;400000
552659;300000
552661;400000
552768;1000000
552858;150000
553183;300000
553474;100000
553477;400000
554305;220000
554311;300000
554325;200000
554327;3000000
554335;180000
554984;400000
556535;300000
556585;150000
556658;450000
556707;500000
556717;45000
556717;40000
556717;200000
556718;100000
557310;600000
557840;300000
558776;60000
561461;420000
564212;350000
569026;200000
569028;300000
569030;1200000
569034;500000
569035;1000000
569036;700000
569038;400000
569043;300000
569044;400000
569046;400000
569047;500000
569066;500000
569067;400000
569068;350000
569110;120000
569112;800000
569138;60000
569138;150000
569139;200000
569149;400000
569152;800000
569163;1200000
569284;340000
569325;800000
569328;500000
569331;500000
569343;400000
569345;60000
569345;90000
569348;160000
569348;80000
569348;200000
569366;360000
569388;180000
569389;100000
569391;320000
569392;150000
569393;80000
569394;130000
569398;500000
569399;140000
569400;300000
569401;80000
569410;400000
569411;250000
569412;300000
569414;245000
569415;200000
569416;350000
569418;400000
569419;250000
569420;130000
569424;500000
569425;650000
569426;400000
569427;100000
569432;70000
569432;240000
569433;100000
569434;30000
569434;100000
569436;280000
569437;150000
569440;250000
569448;300000
569450;250000
569451;400000
569454;300000
569491;900000
569496;270000
569497;320000
569498;250000
569517;400000
569518;50000
569556;250000
569557;300000
569574;300000
569597;200000
569660;150000
569693;320000
569696;350000
569704;250000
569704;130000
569722;400000
569723;250000
569745;380000
569754;300000
569769;200000
569770;200000
569771;150000
569788;300000
569790;430000
569794;380000
569796;190000
569797;350000
569804;480000
569809;300000
569929;200000
570057;800000
570069;400000
570074;350000
570103;800000
570106;1300000
570107;1500000
570135;600000
570136;300000
570138;350000
570144;380000
570151;20000
570154;450000
570155;190000
570156;350000
570157;350000
570175;1200000
570187;50000
570213;300000
570214;47000
570215;7000
570216;300000
570226;150000
570227;300000
570228;32000
570229;350000
570280;300000
570370;150000
570372;200000
570401;300000
570404;100000
570467;350000
570475;280000
570477;200000
570480;400000
570485;300000
570551;150000
570618;250000
570620;350000
570621;300000
570625;20000
570625;40000
570625;40000
570632;160000
570639;500000
570642;170000
570643;110000
570644;180000
570645;170000
570646;180000
570657;110000
570658;80000
570659;400000
570660;200000
570661;120000
570666;150000
570669;250000
570680;500000
570694;400000
570695;500000
570696;470000
570702;400000
570740;180000
570965;250000
570997;450000
571023;160000
571026;50000
571037;600000
571058;500000
571061;200000
571068;1000000
571111;40000
571113;200000
571131;60000
571131;150000
571148;280000
571204;600000
571227;450000
571229;200000
571231;400000
571235;350000
571237;600000
571299;25000
571299;30000
571299;30000
571300;24000
571300;15000
571300;35000
571301;45000
571308;80000
571331;200000
571332;250000
571354;200000
571355;900000
571429;800000
571431;400000
571434;100000
571436;400000
571441;150000
571442;400000
571443;450000
571448;400000
571451;180000
571454;350000
571478;120000
571482;300000
571521;300000
571522;150000
571523;300000
571524;400000
571525;350000
571526;450000
571544;400000
571546;400000
571552;50000
571590;200000
571619;250000
571621;100000
571621;2400000
571628;350000
571629;250000
571632;290000
571638;200000
571643;85000
571644;350000
571645;350000
571725;300000
571785;280000
571790;650000
571793;500000
571794;600000
571807;195000
571810;400000
571815;400000
571816;1200000
571852;700000
571872;250000
571905;300000
571906;200000
572372;200000
572373;500000
573067;160000
573070;450000
573071;320000
573072;500000
573505;100000
573722;500000
573732;350000
573820;200000
574029;2000000
574561;20000
574562;36000
575003;200000
575004;190000
575459;200000
575459;200000
575459;200000
575594;44000
575612;900000
575783;250000
575897;500000
575898;1500000
575907;400000
575908;350000
575935;450000
575958;200000
575975;60000
575991;150000
576010;200000
576011;100000
576077;380000
576097;700000
576106;250000
576122;300000
576151;80000
576151;100000
577209;500000
577220;160000
577221;300000
577227;300000
577240;400000
577366;400000
577367;650000
578698;500000
579108;200000
579642;580000
579661;170000
581216;200000
581231;150000
584064;45000
584066;50000
584110;100000
588391;500000
589294;250000
589298;200000
589301;300000
589363;300000
589367;500000
589374;400000
589375;240000
589380;12000
589384;100000
589521;400000
589522;400000
589523;300000
589524;400000
589525;400000
589526;350000
589528;300000
589573;300000
589573;80000
589573;100000
589575;300000
589592;1200000
589599;800000
589630;300000
589632;400000
589633;250000
589634;200000
589635;400000
589638;400000
589641;60000
589641;60000
589642;80000
589643;60000
589643;1000000
589644;80000
589644;100000
589645;70000
589646;120000
589647;71000
589648;80000
589648;150000
589651;170000
589652;100000
589653;200000
589668;80000
589669;150000
589681;500000
589683;400000
589684;150000
589685;200000
589688;20000
589691;120000
589691;180000
589691;300000
589693;350000
589694;500000
589695;500000
589696;200000
589697;300000
589738;400000
589745;450000
589747;280000
589761;16000
589773;400000
589775;270000
589802;250000
589839;300000
589841;250000
589873;150000
589874;170000
589875;250000
589876;100000
589902;200000
589904;600000
589905;500000
589908;400000
589914;450000
589939;460000
589951;300000
589954;1500000
589958;1000000
589960;350000
589964;600000
589966;800000
589967;480000
589968;150000
589969;800000
589970;400000
589999;410000
590000;300000
590002;280000
590003;80000
590004;500000
590005;310000
590006;380000
590008;450000
590009;380000
590027;500000
590029;600000
590034;200000
590037;400000
590038;500000
590039;200000
590040;400000
590041;400000
590042;600000
590043;350000
590044;600000
590053;42000
590053;20000
590053;25000
590202;140000
590203;150000
590236;65000
590236;30000
590236;150000
590335;20000
590342;300000
590372;300000
590378;200000
590379;250000
590380;250000
590384;230000
590389;300000
590390;500000
590393;120000
590394;50000
590419;400000
590420;100000
590423;35000
590425;120000
590429;300000
590430;45000
590460;500000
590477;600000
590567;300000
590653;350000
590654;240000
590657;30000
590657;20000
590657;60000
590660;180000
590668;250000
590669;260000
590739;300000
590751;800000
590865;70000
590866;240000
590867;200000
590870;100000
590967;50000
591059;500000
591062;600000
591063;300000
591110;150000
591110;80000
591110;90000
591111;300000
591111;40000
591111;100000
591112;110000
591112;50000
591112;60000
591128;250000
591131;250000
591132;250000
591143;80000
591143;30000
591143;250000
591145;300000
591146;450000
591157;380000
591169;200000
591172;150000
591186;350000
591203;300000
591204;250000
591243;400000
591244;450000
591245;600000
591246;450000
591248;600000
591249;550000
591252;600000
591253;500000
591254;550000
591255;400000
591269;300000
591273;300000
591312;200000
591389;50000
591390;100000
591395;300000
591396;400000
591399;300000
591421;200000
591426;300000
591428;600000
591431;850000
591440;400000
591451;200000
591452;200000
591455;200000
591457;200000
591458;100000
591459;150000
591460;300000
591464;300000
591466;300000
591472;700000
591478;180000
591478;35000
591478;250000
591479;200000
591479;100000
591479;200000
591551;300000
591553;240000
591554;70000
591554;140000
591556;300000
591625;230000
591642;250000
591643;80000
591685;120000
591721;500000
591775;250000
591966;120000
591970;150000
591976;150000
592074;80000
592075;400000
592076;200000
592107;500000
592112;5500
592113;200000
592196;25000
592196;16000
592198;18000
592198;20000
592204;16000
592204;35000
592208;25000
592208;45000
592255;250000
592269;100000
592270;150000
592272;200000
592273;300000
592274;300000
592277;300000
592282;400000
592305;50000
592361;80000
592717;120000
592766;300000
593079;150000
593131;260000
593132;300000
593335;60000
593551;190000
593560;1500000
593561;180000
593764;9000
593765;600000
594232;150000
594239;300000
595453;300000
596143;120000
596153;200000
596154;120000
596155;300000
596170;200000
596171;300000
596173;100000
596290;400000
596656;300000
596780;50000
597206;200000
597222;250000
597222;200000
597222;450000
597223;400000
597241;300000
597243;200009
597925;250000
597933;900000
597935;50000
598133;750000
598134;100000
598134;50000
598134;70000
598135;180000
598135;30000
598135;80000
598136;50000
598136;50000
598136;200000
598161;250000
598230;120000
598234;400000
598238;400000
598257;180000
598258;80000
598266;450000
598268;35000
598303;280000
598339;50000
598360;200000
598365;50000
598375;300000
598381;300000
598404;300000
598408;120000
598412;250000
598481;100000
598484;800000
598504;300000
598520;300000
598520;170000
598520;270000
600425;300000
600669;400000
600670;100000
600932;60000
600933;330000
600962;30000
600962;10000
600962;40000
601005;600000
601006;200000
606082;150000
606082;40000
606082;360000
606340;400000
607061;270000
609875;250000
609907;30000
609907;170000
609956;240000
609966;350000
610096;350000
610097;300000
610098;400000
610143;350000
610145;600000
610147;600000
610152;170000
610179;200000
610180;50000
610181;200000
610182;400000
610190;80000
610190;160000
610192;150000
610193;100000
610195;40000
610196;30000
610198;300000
610199;220000
610200;200000
610201;100000
610202;200000
610203;548962
610204;90000
610205;200000
610206;300000
610226;50000
610226;120000
610231;230000
610232;160000
610233;450000
610251;100000
610255;400000
610258;180000
610259;80000
610259;300000
610260;20000
610260;50000
610261;50000
610261;200000
610262;200000
610262;300000
610264;70000
610264;200000
610265;50000
610265;150000
610266;200000
610267;200000
610271;500000
610276;300000
610303;280000
610404;500000
610407;230000
610417;350000
610418;700000
610420;500000
610427;250000
610428;400000
610430;1300000
610434;300000
610436;800000
610449;1000000
610453;200000
610458;600000
610461;100000
610461;80000
610461;120000
610491;600000
610493;700000
610526;380000
610528;300000
610529;430000
610530;200000
610531;500000
610533;370000
610534;270000
610535;300000
610667;200000
610751;60000
610751;40000
610751;180000
610752;65000
610752;30000
610752;150000
610768;800000
610769;550000
610778;350000
610811;200000
610812;300000
610814;300000
610818;400000
610819;250000
610822;100000
610823;300000
610824;280000
610824;230000
610825;350000
610827;250000
610829;350000
610833;200000
610835;100000
610836;180000
610847;300000
610849;300000
610850;300000
610865;150000
610887;40000
610888;80000
610888;30000
610888;30000
610937;100000
610950;57000
610951;600000
610986;250000
610994;350000
610999;500000
611001;550000
611009;300000
611036;150000
611051;500000
611148;150000
611177;650000
611181;300000
611185;280000
611186;480000
611191;600000
611354;700000
611388;400000
611409;350000
611462;600000
611467;12000
611513;500000
611517;10000
611519;300000
611520;200000
611521;600000
611523;70000
611528;150000
611529;123000
611533;200000
611534;600000
611537;1000000
611539;1000000
611615;50000
611629;250000
611649;320000
611666;300000
611675;80000
611731;150000
611742;200000
611744;200000
611771;300000
611780;400000
611781;45000
611803;300000
611903;70000
611946;400000
611947;1300000
611950;800000
611953;400000
612002;400000
612023;400000
612031;600000
612035;600000
612038;240000
612038;200000
612077;375000
612119;213000
612121;350000
612123;300000
612124;50000
612127;200000
612128;80000
612133;450000
612141;400000
612161;100000
612163;350000
612166;100000
612168;150000
612179;550000
612180;250000
612181;400000
612213;1000000
612218;400000
612219;350000
612231;300000
612234;50000
612234;60000
612234;60000
612242;20000
612242;10000
612242;20000
612243;95000
612249;300000
612251;180000
612274;190000
612327;180000
612329;500000
612330;350000
612332;400000
612335;150000
612351;600000
612403;150000
612462;400000
612470;300000
612489;250000
612496;220000
612528;200000
612529;210000
612565;250000
612567;150000
612590;200000
612593;200000
612596;80000
612617;50000
612835;10500
612835;25600
612835;2600
613006;300000
613062;250000
613063;120000
613804;300000
613806;120000
613807;250000
613808;300000
613809;120000
614281;250000
615413;60000
615418;850000
615419;1800000
615421;1500000
615441;50000
615441;80000
615441;10000
615444;300000
615456;10000
615457;10000
615463;200000
615474;400000
615697;613016
615698;400000
615699;209700
615700;170000
615701;255000
615966;350000
616479;900000
616527;380000
616564;500000
616566;150000
616588;200000
616595;70000
616595;30000
616595;200000
616689;150000
616707;80000
616707;40000
616707;120000
616708;100000
616708;30000
616708;100000
616709;100000
616709;60000
616709;120000
616753;180000
616754;200000
616757;300000
616803;400000
616839;570000
616912;248300
616913;250000
616914;80000
616917;150000
616962;600000
617009;600000
617020;150000
617040;250000
617066;200000
617649;387000
617736;300000
617741;650000
618509;30000
618511;10000
618513;30000
618526;350000
618528;250000
618551;100000
622568;800000
623358;350000
626813;350000
632693;300000
632694;250000
632770;300000
632774;400000
632782;400000
632797;500000
632814;100000
632817;400000
632830;190000
632832;300000
632925;700000
633006;500000
633042;220000
633044;400000
633108;500000
633111;150000
633221;70000
633229;250000
633290;100000
633358;320000
633371;150000
633376;140000
633406;300000
633991;350000
634001;12000
634029;600000
634031;500000
634044;400000
634073;250000
634077;250000
634078;200000
634083;1200000
634095;30000
634096;140000
634097;100000
634217;300000
634239;300000
634241;300000
634242;300000
634301;450000
634313;200000
634324;200000
634325;330000
634328;300000
634332;350000
634338;300000
634340;250000
634341;50000
634341;200000
634342;350000
634343;8000
634344;50000
634344;150000
634345;180000
634346;20000
634347;15000
634347;50000
634348;200000
634349;80000
634349;200000
634350;8000
634351;240000
634368;70000
634368;150000
634374;900000
634375;1200000
634376;200000
634377;120000
634379;40000
634380;50000
634381;200000
634382;250000
634384;230000
634385;50000
634386;60000
634425;150000
634426;160000
634436;180000
634436;40000
634436;200000
634466;250000
634508;200000
634523;45000
634531;130000
634532;160000
634534;180000
634535;210000
634549;400000
634551;400000
634552;350000
634554;250000
634558;230000
634563;550000
634636;80000
634636;50000
634636;200000
634647;70000
634654;405000
634809;220000
634828;450000
634850;120000
634852;800000
634853;250000
634855;200000
634867;150000
634868;300000
634871;150000
634873;70000
634889;300000
634961;360000
634964;200000
634978;80000
635007;500000
635024;200000
635025;350000
635169;160000
635191;740000
635192;500000
635193;850000
635194;500000
635196;780000
635211;400000
635395;400000
635398;350000
635400;300000
635498;350000
635503;70000
635504;300000
635505;300000
635523;400000
635531;600000
635532;1000000
635535;600000
635540;500000
635603;300000
635604;200000
635604;300000
635607;250000
635610;1500000
635612;800000
635614;450000
635616;700000
635618;500000
635619;400000
635620;400000
635622;450000
635623;1800000
635645;150000
635646;350000
635676;150000
635695;150000
635695;50000
635695;100000
635736;300000
635738;300000
635739;360000
635740;430000
635741;300000
635783;60000
635788;600000
635810;170000
635810;60000
635810;60000
635812;300000
635858;150000
635864;400000
635890;320000
635892;700000
635898;300000
635900;100000
635901;500000
635902;300000
635903;300000
635914;1000000
635915;400000
635916;800000
635920;400000
635927;120000
635930;400000
635931;250000
635934;250000
635935;100000
635941;200000
635942;400000
635943;300000
635946;350000
635954;70000
635958;380000
635960;300000
635964;200000
635981;80000
635986;200000
635987;250000
636001;250
636005;50000
636022;60000
636022;40000
636022;100000
636023;70000
636023;50000
636023;100000
636024;30000
636024;30000
636024;80000
636025;200000
636030;50000
636031;400000
636056;350000
636059;60000
636059;130000
636108;500000
636176;230000
636180;300000
636185;200000
636202;1000000
636216;300000
636225;270000
636227;150000
636228;200000
636245;400000
636249;350000
636646;398000
637495;400000
637541;405000
637779;400000
637780;350000
637979;300000
638407;100000
639134;300000
639136;5000
639139;800000
639141;100000
639679;180000
639680;250000
639688;10000
639913;300000
639916;400000
640001;800000
640171;100000
640171;100000
640171;150000
640490;20000
640520;400000
640523;250000
640524;150000
640665;500000
640699;250000
640704;100000
640771;200000
640774;250000
640810;200000
640811;850000
641493;300000
641494;500000
641532;600000
641533;600000
641535;700000
641540;350000
643705;184000
643738;100000
643739;150000
643741;380000
646011;21000
646011;60000
646011;140000
646038;240000
646471;356000
646472;500000
646474;456000
646667;800000
646670;300000
646685;150000
647325;160000
647398;60000
647467;300000
647476;150000
662180;200000
662182;100000
662182;70000
662182;150000
662208;150000
662209;350000
662391;150000
662391;30000
662391;150000
662392;350000
662401;300000
662406;1700000
662409;500000
662410;400000
662411;300000
662420;150000
662485;400000
662487;350000
662504;80000
662507;35000
662511;18000
662511;25000
662556;150000
662558;350000
662559;450000
662599;400000
662606;350000
662608;450000
662609;360000
662615;100000
662615;250000
662624;30000
662648;600000
662649;800000
665137;80000
665138;150000
665140;200000
665142;50000
665142;30000
665143;36000
665272;380000
665324;500000
665325;700000
665326;500000
665327;700000
665328;600000
665329;490000
665330;600000
665525;600000
665526;300000
665550;250000
665586;350000
665614;350000
665618;150000
665622;200000
665623;120000
665624;130000
665626;200000
665627;300000
665628;180000
665641;500000
665643;600000
665645;200000
665646;250000
665649;20000
665651;250000
665652;450000
665653;100000
665660;180000
665661;150000
665662;200000
665663;200000
665665;150000
665669;400000
665673;130000
665675;220000
665676;60000
665677;70000
665677;270000
665680;300000
665684;600000
665712;600000
665803;450000
665817;400000
665823;1200000
665824;2000000
665832;350000
665833;200000
665843;1000000
665845;560000
665847;800000
665885;200000
665887;400000
665896;300000
665899;280000
665900;350000
665901;350000
665903;500000
665904;400000
665905;600000
665906;200000
665907;300000
665922;450000
665926;600000
665927;600000
665929;500000
665984;160000
666027;200000
666051;450000
666074;700000
666078;50000
666096;260000
666108;700000
666113;200000
666115;400000
666126;200000
666128;120000
666147;400000
666150;150000
666155;300000
666158;50000
666159;300000
666163;200000
666166;300000
666171;350000
666172;200000
666191;800000
666192;300000
666197;100000
666207;300000
666209;250000
666210;450000
666228;89000
666228;28000
666228;80000
666286;620000
666288;154000
666292;230000
666298;110000
666298;180000
666355;250000
666356;100000
666357;100000
666380;310000
666381;470000
666404;800000
666409;300000
666414;200000
666416;600000
666418;400000
666419;1000000
666420;150000
666548;200000
666576;100000
666592;58000
666638;250000
666639;400000
666641;500000
666642;150000
666643;400000
666644;120000
666645;280000
666648;220000
666658;300000
666661;200000
666662;220000
666666;150000
666667;250000
666668;350000
666676;350000
666711;400000
666725;500000
666726;400000
666727;500000
666729;200000
666730;500000
666731;400000
666732;600000
666733;400000
666734;300000
666735;500000
666736;600000
666737;400000
666741;450000
666743;450000
666750;300000
666752;300000
666753;300000
666754;460000
666755;200000
666756;180000
666757;400000
666758;390000
666759;360000
666760;350000
666761;250000
666762;450000
666764;460000
666826;300000
666846;200000
666849;200000
666876;500000
666877;110000
666878;150000
666881;350000
666882;950000
666883;350000
666884;250000
666919;200000
666922;180000
666923;200000
666929;350000
666930;300000
666932;700000
666933;600000
666955;305000
667120;400000
667124;300000
667136;300000
667138;300000
667176;400000
667177;300000
667186;500000
667214;500000
667215;500000
667217;300000
667237;200000
667249;600000
667254;400000
667258;200000
667260;400000
667367;250000
667370;300000
667371;150000
667372;100000
667374;100000
667375;150000
667401;250000
667405;300000
667461;300000
667463;380000
667468;180000
667528;300000
667529;500000
667530;300000
667531;80000
667532;250000
667535;180000
667549;600000
667553;20000
667558;300000
667560;50000
667561;200000
667614;243000
667617;500000
667618;300000
667619;200000
667623;300000
667642;400000
667672;180000
667686;300000
667687;500000
667688;400000
667689;500000
667690;600000
667691;500000
667692;450000
667693;400000
667694;600000
667695;500000
667697;500000
667763;450000
667786;700000
667809;250000
667830;435000
667878;450000
667881;80000
667881;80000
667881;150000
667882;600000
667884;150000
667894;250000
667900;250000
667930;560000
667994;500000
667995;400000
668296;400000
668299;50000
668657;40000
668659;50000
668676;2000000
668676;600000
668676;400000
668684;30000
668722;600000
668745;253000
668810;80000
668857;45000
668858;15000
668873;75000
669599;200000
670370;1200
670377;200000
670378;300000
670384;200000
670420;150000
670441;130000
670442;250000
670443;350000
671303;120000
672076;120000
672076;200000
672105;8000
672105;5000
672105;17000
672244;480000
672569;100000
672621;15000
672621;30000
672621;60000
672622;50000
672622;50000
672622;150000
672754;450000
672918;70000
672930;150000
673168;400000
673263;200000
673424;200000
673425;180000
673426;250000
673427;200000
673794;180000
673795;150000
673796;400000
673807;350000
673822;180000
673823;200000
674560;100000
674560;150000
674560;100000
674562;800000
674592;200000
674598;400000
675156;130000
677417;500000
685665;250000
685744;400000
685745;1510000
685866;180000
685877;600000
685884;250000
685894;60000
685894;52000
685894;300000
685901;200000
685902;150000
685903;60000
685917;275000
686123;300000
686134;250000
686147;300000
686148;60000
686149;200000
686151;600000
686152;700000
686153;500000
686154;250000
686155;260000
686156;350000
686157;300000
686158;70000
686161;400000
686163;250000
686166;180000
686167;400000
686168;80000
686168;250000
686171;120000
686172;50000
686173;300000
686178;100000
686178;250000
686200;300000
686201;250000
686202;400000
686203;200000
686204;400000
686205;270000
686206;150000
686208;60000
686209;70000
686211;150000
686217;150000
686218;50000
686219;200000
686223;220000
686224;200000
686225;120000
686226;60000
686226;180000
686229;80000
686229;150000
686246;170000
686247;350000
686248;400000
686249;400000
686250;600000
686252;1000000
686254;600000
686255;500000
686256;800000
686257;300000
686258;1000000
686287;700000
686289;250000
686291;350000
686297;300000
686298;250000
686352;700000
686431;200000
686432;250000
686433;55000
686434;120000
686471;180000
686487;930000
686528;260000
686532;650000
686540;180000
686540;100000
686540;300000
686564;300000
686575;400000
686576;400000
686577;300000
686581;500000
686599;600000
686605;500000
686607;620000
686609;600000
686611;600000
686612;150000
686624;300000
686627;400000
686628;250000
686629;160000
686630;320000
686631;450000
686632;270000
686634;360000
686644;300000
686655;500000
686667;500000
686956;300000
686958;350000
686960;1000000
686961;700000
686962;80000
686965;300000
686979;600000
686987;200000
686989;250000
687020;300000
687044;1300000
687045;450000
687047;200000
687049;320000
687062;350000
687069;100000
687078;300000
687084;200000
687097;40000
687098;100000
687114;100000
687144;50000
687146;350000
687147;400000
687198;420000
687211;350000
687216;200000
687345;150000
687346;50000
687348;600000
687353;250000
687357;150000
687403;300000
687417;300000
687427;400000
687428;100000
687431;180000
687642;600000
687645;250000
687649;280000
687650;400000
687653;210000
687662;350000
687670;20000
687670;40000
687670;180000
687676;380000
687716;700000
687717;400000
687723;500000
687738;450000
687752;350000
687753;350000
687754;350000
687763;200000
687886;10000
688007;400000
688020;300000
688044;100000
688059;120000
688080;400000
688092;650000
688096;90000
688097;200000
688120;300000
688121;300000
688122;500000
688125;150000
688187;300000
688228;300000
688231;500000
688295;300000
688307;200000
688326;400000
688327;45000
688395;400000
688398;320000
688400;300000
688406;300000
688407;400000
688470;400000
688481;45000
688557;300000
688562;1200000
688563;250000
688622;200000
688627;150000
688635;350000
688640;98000
688642;150000
688644;400000
688646;200000
688647;500000
688648;200000
688654;300000
688655;500000
688657;280000
688680;120000
688714;60000
688714;30000
688715;80000
688716;100000
688729;300000
688730;100000
688796;300000
688835;600000
688874;370000
688892;200000
688923;16000
688923;12000
688956;350000
688960;500000
688962;700000
688974;30000
688975;150000
688996;200000
688997;60000
688998;350000
689054;350000
689057;70000
689057;80000
689057;100000
689058;300000
689294;650000
689523;150000
689525;150000
689541;600000
689637;250000
689803;450000
690660;200000
690680;430000
690681;200000
691099;100000
691101;100000
691101;50000
691101;100000
691747;150000
692297;100000
692655;400000
692916;300000
693033;400000
693179;1200000
693180;400000
693197;60000
693316;300000
693317;500000
693328;350000
693342;300000
693422;150000
694697;220000
694739;200000
696394;200000
696395;200000
696397;350000
696398;150000
696494;250000
697076;250000
697077;350000
697078;350000
697079;600000
698731;150000
698731;100000
698731;150000
698764;50000
698764;50000
698764;70000
698766;104000
698766;50000
698768;800000
698825;400000
702116;350000
706826;400000
706828;720000
706906;230000
706932;30000
706932;25000
706933;20000
706933;30000
706940;25000
706940;30000
706941;35000
706941;40000
706942;45000
706978;70000
706985;500000
706989;700000
706991;300000
706996;250000
707055;250000
707057;180000
707086;200000
707088;350000
710112;120000
710131;150000
710133;500000
710135;200000
710151;280000
710155;150000
710170;1600000
710211;1000000
710257;780000
710269;500000
710274;258000
710275;250000
710297;670000
710340;300000
710341;290000
710342;230000
710343;250000
710348;200000
710349;400000
710366;280000
710367;400000
710368;250000
710369;100000
710376;90000
710377;150000
710382;500000
710383;300000
710384;250000
710391;250000
710392;400000
710397;100000
710410;180000
710411;350000
710412;250000
710413;60000
710414;250000
710415;290000
710418;90000
710419;250000
710421;300000
710422;120000
710423;500000
710424;280000
710425;300000
710426;80000
710427;200000
710428;450000
710450;450000
710487;150000
710487;70000
710487;250000
710488;500000
710489;317000
710491;400000
710503;350000
710511;250000
710511;50000
710515;400000
710516;1000000
710521;800000
710524;600000
710526;400000
710527;400000
710544;200000
710573;750000
710583;500000
710611;250000
710613;380000
710614;400000
710616;220000
710617;200000
710618;320000
710619;260000
710620;200000
710622;240000
710625;527000
710674;300000
710735;100000
710735;50000
710735;150000
710736;150000
710736;100000
710736;250000
710737;900000
710738;50000
710738;20000
710738;50000
710739;50000
710739;70000
710739;100000
710748;150000
710764;250000
710774;400000
710789;300000
710803;300000
710809;20000
710811;70000
710827;300000
710831;30000
710832;300000
710837;250000
710856;400000
710878;120000
710905;150000
710907;350000
710931;500000
710962;60000
710979;200000
710980;400000
710981;250000
710984;280000
710985;100000
710992;220000
710995;150000
711007;600000
711167;400000
711171;300000
711372;50000
711482;350000
711483;200000
711484;300000
711489;150000
711511;200000
711512;200000
711595;400000
711596;330000
711598;250000
711599;280000
711614;250000
711615;600000
711629;400000
711630;300000
711631;200000
711632;200000
711633;300000
711635;300000
711636;600000
711637;300000
711638;400000
711639;400000
711640;500000
711645;250000
711658;270000
711659;350000
711686;350000
711700;280000
711745;200000
711746;100000
711747;250000
711776;200000
711803;250000
711813;280000
711853;80000
711853;40000
711853;180000
711946;275000
711988;100000
711992;200000
711996;400000
712003;125000
712031;300000
712039;160000
712046;300000
712064;800000
712068;400000
712069;150000
712075;400000
712077;400000
712078;100000
712083;100000
712093;200000
712094;170000
712095;300000
712096;180000
712121;200000
712121;140000
712121;100000
712135;50000
712138;70000
712166;280000
712270;100000
712274;350000
712275;150000
712278;350000
712280;300000
712281;250000
712284;180000
712291;300000
712353;240000
712356;60000
712356;60000
712356;100000
712357;30000
712357;30000
712357;50000
712359;30000
712359;30000
712359;70000
712360;20000
712360;50000
712360;30000
712362;100000
712382;550000
712458;50000
712485;60000
712485;150000
712533;180000
712536;500000
712537;700000
712564;433128
712566;400000
712570;500000
712580;168000
712580;98500
712614;100000
712690;350000
712692;250000
712710;120000
712710;120000
712756;150000
712773;90000
712774;200000
712776;250000
712825;500000
712837;300000
712838;300000
712840;300000
712845;400000
712849;400000
712876;130000
712891;350000
712892;260000
712902;890000
712931;250000
719003;50000
719048;320000
719078;150000
719087;10000
719088;350000
719094;160000
719095;37000
719245;150000
719248;350000
719386;300000
719474;45000
719474;50000
720583;240000
720912;700000
720913;100000
720922;600000
720923;300000
721391;450000
721394;200000
721396;350000
721464;400000
721570;230000
722734;250000
722736;400000
722743;400000
722746;500000
723044;500000
723045;700000
723063;600000
723392;225000
723541;300000
723570;300000
723583;120000
723583;80000
723583;400000
723590;403450
723841;300000
723850;180000
723920;350000
723922;400000
724034;150000
724052;100000
730877;250000
730890;280000
730900;800000
730935;450000
730941;200000
730963;250000
731013;600000
731085;600000
731678;130000
731680;100000
